,bhk,price,size,location
0,3,45.0,1500,CHRISTIAN BASTI
1,3,78.79,1751,LAL GANESH
2,2,31.5,750,BORAGAON
3,2,50.0,1100,BAGHARBARI
4,3,65.2,1630,BELTOLA
5,3,49.96,1249,AHOM GAON
6,4,64.0,1400,BAMUNIMAIDAM
7,2,40.0,900,KAHILIPARA
8,3,65.0,1300,BELTOLA
9,3,74.25,1650,SIX MILE
10,3,56.3,1320,KAHILIPARA
11,4,256.0,3425,REHABARI
12,1,32.0,660,SIX MILE
13,3,65.0,1300,LOKHRA
14,2,42.5,860,LAL GANESH
15,3,59.5,1150,KAHILIPARA
16,2,47.0,1023,BELTOLA
17,3,36.0,850,JYOTIKUCHI
18,3,66.73,1405,BAMUNIMAIDAM
19,3,51.0,1150,SARANIA HILLS
20,3,65.0,1300,SIX MILE
21,3,64.0,1030,GANESHGURI
22,3,65.2,1630,BELTOLA
23,2,34.44,861,AHOM GAON
24,4,77.5,1350,KAHILIPARA
25,2,43.0,1000,SACHAL PATH VIP ROAD BYLANE NUMBER 1
26,2,64.8,909,CHANDMARI
27,2,47.0,1150,NOONMATI
28,3,80.0,1380,ULUBARI
29,3,99.0,1990,DISPUR
30,3,73.68,1842,BELTOLA
31,3,45.56,1114,AHOM GAON
32,3,61.36,1180,BELTOLA
33,3,70.0,1444,SARUMOTORIA
34,3,66.0,1400,SOUTH SARANIA ROAD
35,3,65.0,1350,DOWNTOWN
36,4,65.0,1800,JATIA
37,3,92.95,1430,ATHGAON
38,2,31.0,849,DHARAPUR
39,3,72.5,1450,BAMUNIMAIDAM
40,2,53.0,1064,RADHA NAGAR
41,3,51.5,1264,BAMUNIMAIDAN
42,2,33.0,953,DHARAPUR
43,1,20.0,431,LOKHRA
44,3,45.0,1400,CHRISTIAN BASTI
45,2,43.0,1020,GHORAMARA
46,3,58.55,1050,CHANDMARI
47,4,72.0,1810,DHARAPUR
48,3,62.28,1450,DHARAPUR
49,4,126.0,1440,ZOO TINIALI
50,2,37.0,750,LOKHRA
51,3,55.0,1300,BORBARI
52,3,74.0,1453,SIX MILE
53,2,42.3,940,LAL GANESH
54,2,50.0,913,SARUMOTORIA
55,3,67.2,1400,RADHA NAGAR
56,3,75.0,1650,GANESHGURI
57,3,55.0,1242,BELTOLA
58,3,73.68,1842,BELTOLA
59,1,20.0,450,KAHILIPARA ROAD
60,3,71.35,1695,ULUBARI
61,4,91.53,2350,DHARAPUR
62,2,45.5,850,CHANDMARI
63,3,80.6,1550,ZOO ROAD
64,2,43.0,1050,KAHILIPARA
65,3,68.0,1450,GANESHGURI
66,3,54.0,1250,KAHILIPARA ROAD
67,3,40.0,932,DISPUR
68,2,40.0,950,DOWNTOWN
69,3,150.0,2000,BELTOLA
70,3,56.38,1170,KAHILIPARA
71,4,78.65,1958,AZARA
72,2,43.0,850,PATOR KUCHI
73,3,75.0,1105,GHORAMARA
74,2,38.4,960,BASISTHA
75,3,54.0,1200,KALA PAHAR
76,3,49.01,1181,LOKHRA
77,2,49.02,1043,SIX MILE
78,2,56.7,1134,DISPUR
79,2,48.38,1152,KAHILIPARA
80,1,22.05,630,AZARA
81,3,52.5,1250,LAL GANESH
82,3,79.0,1550,GANESHGURI
83,2,35.0,800,LAL GANESH
84,2,47.0,990,LALMATI
85,2,37.0,800,RUKMINI GAON
86,3,62.0,1170,KALA PAHAR
87,3,67.0,1200,REHABARI
88,3,66.0,1300,GHORAMARA
89,3,77.0,1350,MATHGHARIA
90,2,38.0,750,KAHILIPARA
91,3,75.0,1500,BASISTHA
92,3,71.0,1500,KHANAPARA
93,3,130.0,2050,BHANGAGARH
94,3,60.0,1350,CHANDMARI
95,3,63.0,1135,GEETANAGAR
96,3,95.0,1500,ZOO TINIALI
97,3,79.0,1565,ZOO TINIALI
98,3,57.0,1446,SARUSAJAI
99,1,32.0,790,BELTOLA
100,2,74.76,1246,BHETAPARA
101,3,89.04,1590,BHETAPARA
102,3,79.0,1550,NOONMATI
103,3,69.85,1117,CHANDMARI
104,3,56.58,981,ZOO TINIALI
105,2,50.0,1280,HATIGAON
106,1,32.5,660,SIX MILE
107,4,330.0,4300,SIX MILE
108,4,105.0,1778,SIX MILE
109,1,28.0,800,SIX MILE
110,3,75.0,1581,HATIGAON
111,3,52.48,1312,LOKHRA
112,2,63.0,1266,LAL GANESH
113,3,85.0,1400,SIX MILE
114,2,45.0,1000,SIX MILE
115,3,71.0,1490,LAL GANESH
116,3,85.0,1300,LALMATI
117,2,55.0,1200,CHANDMARI
118,2,65.0,1000,CHRISTIAN BASTI
119,3,65.0,1500,GHORAMARA
120,3,50.0,1250,LOKHRA
121,2,51.99,1050,REHABARI
122,3,52.84,983,MALIGAON
123,2,56.16,1248,LACHIT NAGAR
124,3,72.81,1583,HENGRABARI
125,2,43.04,1001,NAYANPUR
126,2,51.6,1200,HENGRABARI
127,2,54.0,1200,SARUSAJAI
128,2,50.71,1127,SARANIA HILLS
129,3,47.2,1180,GHORAMARA
130,1,30.8,700,SIX MILE
131,2,40.96,1024,KAHILIPARA
132,1,33.0,650,BHETAPARA
133,2,55.0,1200,LACHIT NAGAR
134,2,48.0,950,GHORAMARA
135,4,196.0,3200,BHANGAGARH
136,3,135.0,1792,ZOO TINIALI
137,3,64.0,1510,MATHGHARIA
138,3,51.97,1155,HENGRABARI
139,2,43.2,950,BASISTHA
140,3,145.0,2050,REHABARI
141,2,46.0,1000,BHANGAGARH
142,2,65.0,1288,SARANIA HILLS
143,2,37.0,950,AHOM GAON
144,3,65.0,1150,SIX MILE
145,3,57.0,1108,LOKHRA
146,3,48.0,1150,KAHILIPARA
147,3,52.0,1330,LOKHRA
148,3,70.0,1300,CHRISTIAN BASTI
149,3,90.0,1650,NARENGI TINALI
150,2,42.0,1050,ULUBARI
151,3,63.0,1045,SATGAON
152,3,55.0,1170,LALMATI
153,2,45.0,1000,LALMATI
154,3,65.0,1388,BHETAPARA
155,3,60.0,1400,BELTOLA
156,3,85.98,1400,BELTOLA
157,2,32.0,700,DISPUR
158,2,49.5,1100,GEETANAGAR
159,3,68.83,1147,BELTOLA
160,3,51.87,1365,JALUKBARI
161,3,60.65,1213,ZOO TINIALI
162,3,62.1,1380,KAHILIPARA
163,3,58.35,1191,KALA PAHAR
164,2,53.74,1014,CHANDMARI
165,2,42.75,900,BARSAPARA
166,3,61.57,1310,CHANDMARI
167,3,42.64,1040,JALUKBARI
168,3,61.2,1360,LAL GANESH
169,1,20.25,450,LAL GANESH
170,2,49.04,1001,REHABARI
171,3,55.9,1300,REHABARI
172,4,117.0,2345,KAHILIPARA
173,3,147.0,1965,DISPUR
174,4,297.0,3970,DISPUR
175,3,81.6,1360,RADHA NAGAR
176,6,210.0,5184,PANJABARI ROAD
177,2,53.1,1180,PANJABARI ROAD
178,2,51.97,1155,PANJABARI ROAD
179,2,80.6,1240,SARUSAJAI
180,3,57.5,1250,JALUKBARI
181,3,57.5,1250,JALUKBARI
182,3,54.28,1180,JALUKBARI
183,3,51.75,1150,RUKMINI GAON
184,3,76.25,1650,PANJABARI ROAD
185,2,43.0,1150,BHETAPARA
186,3,121.0,1580,LOKHRA
187,3,55.13,1137,BELTOLA
188,2,48.14,1003,REHABARI
189,2,35.0,953,DHARAPUR
190,3,48.0,1250,KAHILIPARA
191,2,50.0,1057,KAHILIPARA
192,3,80.0,1210,DHARAPUR
193,3,71.0,1200,BELTOLA
194,4,90.0,2250,DISPUR
195,3,58.0,1300,KAHILIPARA ROAD
196,3,60.0,1300,KAHILIPARA ROAD
197,3,49.0,1355,KAHILIPARA
198,3,45.0,1355,KAHILIPARA
199,2,52.0,1000,ADABARI
200,2,66.02,1179,GS ROAD
201,3,82.6,1475,GS ROAD
202,3,65.37,1391,SIX MILE
203,3,64.86,1380,BHETAPARA
204,2,59.7,995,VIP ROAD
205,2,40.59,990,GARCHUK
206,1,24.75,450,JALUKBARI
207,3,87.05,1741,SIX MILE
208,3,65.61,1458,SIX MILE
209,3,54.4,1360,GARCHUK
210,2,66.37,1475,JAYANAGAR
211,2,52.8,1100,DOWNTOWN
212,2,56.4,1200,CHANDMARI
213,3,98.46,1641,KAHILIPARA
214,2,46.06,940,JAYANAGAR
215,4,117.0,2345,KAHILIPARA
216,2,64.6,1292,RUKMINI GAON
217,2,39.1,850,BELTOLA
218,4,126.0,2800,KAHILIPARA
219,3,63.98,1391,SIX MILE
220,2,39.1,850,BELTOLA
221,4,126.0,2800,KAHILIPARA
222,3,63.98,1391,SIX MILE
223,3,51.17,1147,GARCHUK
224,2,43.71,965,GARCHUK
225,3,49.16,1098,GARCHUK
226,3,53.47,1203,GARCHUK
227,3,50.27,1125,GARCHUK
228,3,46.0,1385,KALYANI SAGAR PATH
229,3,74.0,1698,KAHILIPARA
230,3,43.0,1212,VIP ROAD
231,3,45.0,1212,RADHA NAGAR
232,3,63.36,1408,VIP ROAD
233,3,43.51,1176,PANJABARI ROAD
234,2,46.55,1058,HATIGAON
235,2,36.0,900,BHETAPARA
236,3,77.5,1550,VIP ROAD
237,2,42.57,990,SIX MILE
238,2,39.23,853,JALUKBARI
239,3,69.43,1310,DOWNTOWN
240,3,64.13,1210,DOWNTOWN
241,3,58.95,1310,KAHILIPARA
242,3,58.95,1310,KAHILIPARA
243,3,58.5,1300,KAHILIPARA
244,3,77.91,1590,SIX MILE
245,2,44.1,900,ADABARI
246,3,90.0,1500,DIGHALIPUKHURI
247,3,54.45,1210,KAHILIPARA
248,3,54.0,1200,KAHILIPARA
249,3,60.0,1300,KAHILIPARA ROAD
250,3,57.2,1300,BAMUNIMAIDAM
251,3,45.75,1250,KERAKUCHI
252,2,49.8,1200,SAWKUCHI
253,2,36.31,995,KERAKUCHI
254,3,55.76,1360,AHOM GAON
255,3,46.0,1260,AHOM GAON
256,2,38.0,1050,AHOM GAON
257,3,114.99999999999999,2100,KAHILIPARA
258,3,55.61,1264,BAMUNIMAIDAM
259,1,31.6,800,SIX MILE
260,2,55.0,1050,DISPUR
261,3,98.53,1670,BELTOLA
262,3,97.35,1650,BELTOLA
263,3,60.95,1150,DOWNTOWN
264,3,79.0,1580,LOKHRA
265,4,119.0,2300,PANJABARI ROAD
266,4,145.0,2350,RADHA NAGAR
267,2,62.5,1250,SIX MILE
268,3,117.0,1563,JAYANAGAR
269,3,51.6,1200,ZOO ROAD
270,3,44.73,1209,PANJABARI ROAD
271,2,52.8,1100,DOWNTOWN
272,3,72.0,1300,HATIGAON
273,3,67.5,1350,KAHILIPARA
274,2,39.23,853,JALUKBARI
275,2,42.57,990,SIX MILE
276,3,61.87,1375,SIX MILE
277,3,78.1,1502,HATIGAON
278,3,62.1,1350,HATIGAON
279,3,51.15,1044,VIP ROAD
280,3,67.2,1200,CHRISTIAN BASTI
281,3,110.00000000000001,2014,ABC GALI
282,3,59.85,1151,LACHIT NAGAR
283,3,67.44,1297,LACHIT NAGAR
284,3,74.1,1425,LACHIT NAGAR
285,2,45.4,1056,KAHILIPARA
286,1,23.4,450,LAL GANESH
287,2,66.37,1475,JAYANAGAR
288,3,75.21,1433,BELTOLA
289,2,59.73,1117,BELTOLA
290,2,58.0,1160,SIX MILE
291,2,66.37,1475,JAYANAGAR
292,2,39.11,1003,SIX MILE
293,4,103.0,2285,BELTOLA
294,4,81.3,1840,DISPUR
295,3,45.38,948,DHARAPUR
296,3,65.85,1400,DHARAPUR
297,3,51.43,778,DHARAPUR
298,3,61.53,1323,DHARAPUR
299,3,38.53,948,DHARAPUR
300,3,41.53,932,DISPUR
301,3,55.3,1400,DHARAPUR
302,3,71.53,1560,REHABARI
303,4,74.56,1958,AZARA
304,3,65.4,1690,DISPUR
305,3,74.0,1770,BELTOLA
306,3,61.35,1321,BELTOLA
307,4,86.56,2200,REHABARI
308,3,81.28,1950,KAHILIPARA
309,3,76.86,1695,ULUBARI
310,3,91.8,1985,BELTOLA
311,3,73.53,1337,AZARA
312,3,105.0,1340,TARUN NAGAR
313,4,84.55,1948,DHARAPUR
314,4,81.0,1685,NOONMATI
315,3,47.0,913,DHARAPUR
316,3,78.0,1560,SIX MILE
317,2,42.3,940,JAYANAGAR
318,3,50.87,1375,PANJABARI ROAD
319,3,56.35,1150,PANJABARI BUS STAND
320,3,56.02,1245,JAYANAGAR
321,3,51.75,1150,BELTOLA
322,2,57.0,1150,GS ROAD
323,3,49.37,1250,HATIGAON
324,3,85.3,1741,SIX MILE
325,3,60.0,1300,KHANAPARA
326,2,50.0,1015,SOUTH SARANIA ROAD
327,3,85.3,1741,SIX MILE
328,4,138.0,2300,ZOO ROAD
329,3,61.0,1300,BELTOLA
330,2,36.0,950,SACHAL PATH VIP ROAD BYLANE NUMBER 1
331,1,11.0,300,JAYANAGAR
332,3,57.0,1250,DHARAPUR
333,3,81.92,1463,REHABARI
334,1,22.0,550,BEHARBARI CHARIALI
335,3,55.0,1300,BAMUNIMAIDAN
336,2,42.6,880,BAMUNIMAIDAM
337,3,80.0,1450,BELTOLA
338,3,58.0,1450,KAMAKHYA
339,3,70.0,1350,BELTOLA
340,2,68.0,1250,UZAN BAZAR
341,3,46.0,1250,CHACHAL ROAD
342,3,72.0,1650,GANESHGURI
343,1,23.0,523,DHARAPUR
344,2,45.0,1080,REHABARI
345,3,51.0,1330,BHETAPARA GHORAMARA ROAD
346,4,130.0,2269,TARUN NAGAR
347,3,64.49,1424,DISPUR
348,2,36.0,942,KAHILIPARA
349,3,49.0,1470,DISPUR
350,2,12.0,540,MALIGAON
351,3,57.0,1120,BHETAPARA
352,4,95.5,1988,KAHILIPARA
353,2,49.8,994,KAHILIPARA
354,2,52.3,1028,KAHILIPARA
355,3,68.1,1393,KAHILIPARA
356,3,70.7,1437,KAHILIPARA
357,4,95.5,1988,KAHILIPARA
358,3,45.0,950,SIX MILE
359,2,71.0,1246,BHETAPARA
360,3,65.0,1200,JALUKBARI
361,3,61.0,1100,LACHIT NAGAR
362,3,50.0,1100,KAHILIPARA
363,3,64.0,1001,BETKUCHI
364,3,85.8,1240,SIX MILE
365,3,50.1,884,KALA PAHAR
366,2,35.4,772,KALA PAHAR
367,2,52.4,1140,LOKHRA
368,2,40.5,660,LALMATI
369,3,54.8,808,BETKUCHI
370,3,98.0,1681,KAHILIPARA
371,2,43.0,652,MALIGAON
372,3,58.0,1000,BELTOLA
373,3,70.0,1365,RUKMINI GAON
374,2,35.0,800,SIJUBARI
375,2,37.0,900,BHETAPARA
376,2,49.5,800,AZARA
377,2,42.5,638,AHOM GAON
378,3,70.0,1700,KAHILIPARA
379,3,90.7,1003,REHABARI
380,3,59.0,1404,KAHILIPARA
381,2,58.6,832,BELTOLA
382,2,58.6,832,BELTOLA
383,2,58.7,832,BELTOLA
384,2,58.7,832,BELTOLA
385,3,73.4,1061,BELTOLA
386,2,50.0,720,BHANGAGARH
387,3,64.1,1338,PANJABARI
388,3,67.1,1408,PANJABARI
389,3,69.2,1455,PANJABARI
390,3,39.4,1013,AZARA
391,2,54.0,970,SOUTH SARANIA
392,3,100.0,1604,RUPNAGAR
393,3,58.2,1200,PANJABARI
394,3,59.0,1219,PANJABARI
395,3,60.4,1251,PANJABARI
396,3,60.7,1257,PANJABARI
397,3,82.2,1597,KHANAPARA
398,2,38.1,1002,LOKHRA
399,4,114.99999999999999,1288,CHANDMARI
400,3,59.1,1001,BETKUCHI
401,2,40.0,1095,GUWAHATI
402,2,36.0,675,JALUKBARI
403,3,98.3,1369,ZOO TINIALI
404,3,78.0,1200,MATHGHARIA
405,3,60.9,1262,PANJABARI
406,3,61.2,1269,PANJABARI
407,3,61.2,1270,PANJABARI
408,3,55.0,845,LOKHRA
409,3,61.4,1275,PANJABARI
410,3,62.0,1289,PANJABARI
411,3,98.0,1329,BELTOLA
412,3,67.8,1423,PANJABARI
413,3,69.5,1462,PANJABARI
414,3,6.0,1070,DHIRENPARA
415,2,45.0,800,PALTAN BAZAAR
416,3,55.5,762,JALUKBARI
417,2,66.4,780,UZAN BAZAR
418,2,1.0,900,AZARA
419,3,56.5,1078,BARSAPARA
420,3,150.0,2135,ZOO TINIALI
421,2,40.0,755,SURVEY
422,3,49.9,1147,GARCHUK
423,2,46.4,815,BORAGAON
424,3,69.0,1080,BELTOLA
425,3,70.0,1100,RUKMINI GAON
426,2,55.0,950,RUKMINI GAON
427,3,52.4,1011,KAHILIPARA
428,3,60.0,1350,SIX MILE
429,3,48.0,1140,GEETANAGAR
430,2,41.0,900,LOKHRA
431,3,55.0,1327,GUWAHATI
432,3,84.6,1410,NARENGI TINALI
433,2,35.5,642,DHIRENPARA
434,3,55.0,1100,DOWNTOWN
435,3,58.0,1150,DOWNTOWN
436,2,44.0,750,DOWNTOWN
437,3,60.5,1260,LAL GANESH
438,3,63.0,1150,CHANDMARI
439,3,52.1,851,JALUKBARI
440,3,95.0,1350,BELTOLA
441,2,50.0,1000,BELTOLA
442,3,65.0,1000,JAYANAGAR
443,3,70.0,1048,DOWNTOWN
444,3,65.0,1013,BETKUCHI
445,3,93.0,2000,PANJABARI
446,2,57.3,1138,NALAPARA
447,3,92.0,1450,PANJABARI
448,3,72.0,1131,LOKHRA ROAD
449,2,48.4,1029,KAHILIPARA
450,3,77.9,1320,BHANGAGARH
451,3,64.8,1222,LOKHRA ROAD
452,3,73.5,1362,LOKHRA ROAD
453,3,63.6,1325,AZARA
454,2,53.3,1006,LOKHRA ROAD
455,2,55.0,1037,LOKHRA ROAD
456,3,49.0,1150,RUKMINI GAON
457,2,41.9,556,JALUKBARI
458,3,76.9,1040,MANPARA
459,3,95.0,1533,GUWAHATI
460,3,67.0,1000,REHABARI
461,3,65.0,1375,HENGRABARI
462,2,38.0,900,LOKHRA
463,2,35.0,690,SIX MILE
464,3,70.0,1150,HATIGAON
465,2,43.6,660,GHORAMARA
466,3,50.4,1335,AZARA
467,2,44.9,998,BELTOLA
468,2,50.7,1127,BELTOLA
469,2,44.9,997,BELTOLA
470,2,43.0,956,BELTOLA
471,3,59.8,1329,BELTOLA
472,3,73.0,1623,BELTOLA
473,3,72.1,1602,BELTOLA
474,4,95.6,2124,BELTOLA
475,2,45.1,943,HATIGAON
476,3,70.0,1100,GANESHGURI
477,3,70.0,1069,NALAPARA
478,2,39.5,749,GARCHUK
479,3,75.0,1250,SILPUKHURI
480,3,63.2,1465,PANJABARI
481,4,98.3,1695,SILPUKHURI
482,3,60.0,1290,PANDU
483,2,59.8,1031,KAHILIPARA
484,3,50.5,1402,LOKHRA
485,3,56.0,1150,SUNDARBARI
486,1,35.0,600,ZOO TINIALI
487,2,37.2,826,KAHILIPARA
488,2,34.2,950,LOKHRA
489,2,43.8,715,LALMATI
490,3,56.3,1050,KAHILIPARA
491,3,64.9,983,HATIGAON
492,3,48.5,1050,GUWAHATI
493,3,85.5,1500,BHETAPARA
494,1,25.0,300,BHETAPARA
495,3,74.6,1500,VIP ROAD
496,3,65.0,900,VIP ROAD
497,2,38.4,765,JALUKBARI
498,2,59.0,1015,KAHILIPARA
499,3,43.9,865,JALUKBARI
500,3,117.0,2395,JALUKBARI
501,1,27.9,575,JALUKBARI
502,2,41.4,830,JALUKBARI
503,2,54.0,718,LAL GANESH
504,3,60.0,1150,BHETAPARA
505,2,40.0,1095,MALIGAON
506,2,55.0,1050,GHORAMARA
507,2,38.0,703,DHARAPUR
508,3,47.2,852,DHIRENPARA
509,2,36.2,545,NOONMATI
510,3,45.3,696,NOONMATI
511,3,53.0,900,VIP ROAD
512,3,107.0,960,REHABARI
513,4,114.99999999999999,1288,CHANDMARI
514,4,138.0,1184,REHABARI
515,3,56.6,1300,ZOO ROAD
516,2,40.0,700,KAHILIPARA
517,3,65.0,1080,CHANDAN NAGAR
518,2,42.0,700,SURVEY
519,2,41.0,800,LALMATI
520,3,50.5,750,LANKESHWAR
521,3,49.0,1000,JALUKBARI
522,2,42.0,965,GARCHUK
523,3,66.2,893,KHANAPARA
524,3,52.4,1204,GARCHUK
525,3,72.4,1540,KAHILIPARA
526,2,47.0,970,PATHAR QUARRY
527,3,47.8,1098,GARCHUK
528,3,70.0,1355,SIX MILE
529,3,50.0,1100,BEHARBARI CHARIALI
530,3,107.0,958,REHABARI
531,3,109.00000000000001,1222,CHANDMARI
532,4,118.0,1322,CHANDMARI
533,3,73.8,1539,KAHILIPARA
534,4,138.0,1186,REHABARI
535,2,42.4,738,JALUKBARI
536,3,59.6,950,DHIRENPARA
537,3,48.0,1000,LALMATI
538,2,33.0,900,BELTOLA
539,3,54.5,1213,VIP ROAD
540,3,41.5,885,JALUKBARI
541,2,51.1,1090,JALUKBARI
542,3,66.5,1311,PANJABARI
543,3,63.1,1314,PANJABARI
544,3,63.3,1319,PANJABARI
545,3,53.9,1217,LOKHRA
546,3,65.0,1000,ULUBARI
547,3,120.0,1360,BELTOLA
548,3,103.0,1552,ATHGAON
549,3,43.0,1205,GUWAHATI
550,3,51.6,740,GARCHUK
551,3,53.0,1100,BAGHARBARI
552,1,21.0,262,KAHIKUCHI
553,2,39.1,600,GARCHUK
554,3,60.0,1350,JATIA
555,4,128.0,2170,BHANGAGARH
556,2,49.4,772,BELTOLA
557,4,113.99999999999999,2378,BELTOLA
558,3,66.3,983,BELTOLA
559,3,120.0,1360,BELTOLA
560,3,78.0,1558,BHETAPARA
561,3,95.0,880,KAHILPARA
562,3,60.0,805,HATIGAON
563,3,61.0,834,HATIGAON
564,3,60.8,1413,SOUTH SARANIA
565,3,65.7,1313,KAHILIPARA
566,3,66.0,965,BELTOLA
567,3,84.0,1300,NARIKAL BARI
568,1,25.0,700,LAL GANESH
569,3,60.5,1050,BHETAPARA
570,3,56.2,1000,BHETAPARA
571,3,41.8,1099,GARCHUK
572,3,41.6,1095,GARCHUK
573,3,43.6,1147,GARCHUK
574,3,44.7,1175,GARCHUK
575,3,45.3,1191,GARCHUK
576,3,48.3,1270,GARCHUK
577,2,32.6,858,GARCHUK
578,3,41.8,1099,GARCHUK
579,3,41.6,1095,GARCHUK
580,3,43.6,1147,GARCHUK
581,2,38.2,812,LAL GANESH
582,2,32.6,858,GARCHUK
583,2,46.6,1083,LAL GANESH
584,3,45.0,900,BELTOLA
585,2,59.0,1080,ZOO ROAD
586,3,38.0,700,HENGRABARI
587,3,44.7,1175,GARCHUK
588,3,45.3,1191,GARCHUK
589,3,48.3,1270,GARCHUK
590,3,46.4,1220,GARCHUK
591,3,64.0,930,DISPUR
592,3,46.4,1220,GARCHUK
593,3,60.0,900,MALIGAON
594,2,37.6,799,LAL GANESH
595,2,46.0,1096,JATIA
596,3,76.1,1384,BIRUBARI
597,3,67.0,1100,BHETAPARA
598,3,60.0,1200,GHORAMARA
599,3,80.0,1350,SOUTH SARANIA
600,3,57.8,1193,KHANAPARA
601,2,30.0,1000,KAHILIPARA
602,1,30.4,456,JALUKBARI
603,2,46.0,741,JALUKBARI
604,2,32.0,1000,KAHILIPARA
605,3,87.0,1250,BELTOLA
606,2,50.0,900,RUKMINI GAON
607,3,51.0,1280,SIX MILE
608,2,38.3,850,GANDHI BASTI
609,2,46.8,1040,GANDHI BASTI
610,2,38.3,850,GANDHI BASTI
611,2,46.9,1040,GANDHI BASTI
612,3,58.0,890,BETKUCHI
613,2,46.9,1040,GANDHI BASTI
614,3,56.3,1250,GANDHI BASTI
615,3,56.3,1250,GANDHI BASTI
616,3,56.4,1250,GANDHI BASTI
617,2,51.5,900,SOUTH SARANIA
618,3,47.6,1252,LOKHRA
619,2,39.4,633,BETKUCHI
620,3,74.6,1080,BELTOLA
621,3,74.6,1080,BELTOLA
622,3,74.7,1080,BELTOLA
623,3,73.3,1061,BELTOLA
624,3,73.3,1061,BELTOLA
625,3,73.4,1061,BELTOLA
626,3,48.0,1063,MALIGAON
627,3,58.0,1000,PANJABARI
628,2,40.0,750,KAHILIPARA
629,3,62.0,1309,PANJABARI
630,3,78.2,942,ZOO ROAD
631,2,45.0,880,KAHILIPARA
632,2,59.9,1033,KAHILIPARA
633,3,35.0,913,KAHIKUCHI
634,3,70.0,1200,PANJABARI
635,4,142.0,1205,REHABARI
636,2,50.0,950,SURVEY
637,1,21.8,574,LOKHRA
638,2,54.0,850,NARENGI TINALI
639,3,55.0,1223,JATIA
640,2,47.0,660,JATIA
641,4,144.0,1196,REHABARI
642,2,33.2,591,GARCHUK
643,3,90.8,1211,REHABARI
644,2,125.0,1600,KHARGHULI HILLS
645,2,47.0,1023,BAMUNIMAIDAM
646,2,44.3,705,DHIRENPARA
647,3,64.6,933,JATIA
648,2,39.7,1045,LOKHRA
649,3,53.8,1250,LOKHRA
650,3,62.9,1309,PANJABARI
651,3,63.0,1311,PANJABARI
652,3,63.6,1326,PANJABARI
653,2,55.0,900,BELTOLA
654,3,63.0,1340,GUWAHATI
655,3,56.0,1340,PANJABARI
656,3,92.0,1463,BHETAPARA
657,2,43.0,831,MALIGAON
658,2,43.8,633,BETKUCHI
659,3,86.7,1564,GEETANAGAR
660,2,50.0,1000,HATIGAON
661,3,49.2,886,SATGAON
662,3,70.8,1361,LALMATI
663,3,60.0,1395,LOKHRA
664,3,82.7,1036,GS ROAD
665,5,105.0,1815,ULUBARI
666,2,50.0,1050,BELTOLA
667,2,37.4,675,SATGAON
668,3,44.0,761,KALA PAHAR
669,2,35.0,610,KALA PAHAR
670,2,52.1,717,JALUKBARI
671,1,20.0,398,AZARA
672,3,48.4,750,JALUKBARI
673,3,59.8,1390,LOKHRA
674,3,70.0,1456,LOKHRA ROAD
675,3,64.9,1248,LALMATI
676,3,149.0,1985,BELTOLA
677,3,69.4,1351,KHANAPARA
678,3,65.0,1250,BELTOLA
679,3,74.3,1000,BELTOLA
680,2,32.0,850,JALUKBARI
681,2,35.6,850,JALUKBARI
682,2,30.0,780,JALUKBARI
683,2,33.6,780,JALUKBARI
684,2,31.0,821,JALUKBARI
685,2,34.6,821,JALUKBARI
686,3,38.0,990,JALUKBARI
687,3,41.6,990,JALUKBARI
688,3,39.0,1021,JALUKBARI
689,3,42.6,1021,JALUKBARI
690,3,40.0,1050,JALUKBARI
691,3,43.6,1050,JALUKBARI
692,3,77.0,878,BIRUBARI
693,3,75.0,1200,VIP ROAD
694,3,60.0,1246,BHETAPARA
695,3,53.6,645,JALUKBARI
696,2,47.0,1100,VIP ROAD
697,3,54.0,836,KHANAPARA
698,2,60.0,1000,REHABARI
699,3,50.0,1350,JATIA
700,1,22.0,455,LAL GANESH
701,2,55.0,1106,CHRISTIAN BASTI
702,2,39.9,708,LAL GANESH
703,3,74.4,1370,BELTOLA
704,3,57.8,1194,KHANAPARA
705,3,68.3,1250,BELTOLA
706,2,48.0,1005,TARUN NAGAR
707,3,72.0,967,KAHILIPARA
708,2,52.5,722,KAHILIPARA
709,2,52.0,700,KAHILIPARA
710,3,50.9,1084,LAL GANESH
711,3,80.9,1394,SILPUKHURI
712,3,70.0,1500,PANJABARI
713,2,40.0,968,GUWAHATI
714,2,45.0,950,KAHILIPARA
715,2,58.0,1106,ULUBARI
716,2,57.8,721,KAHILPARA
717,2,40.0,559,AZARA
718,3,53.0,1238,BAGHARBARI
719,3,40.0,645,AZARA
720,3,48.7,725,LOKHRA
721,3,40.0,805,JALUKBARI
722,2,34.0,800,AZARA
723,3,57.4,899,AHOM GAON
724,2,36.0,723,JYOTIKUCHI
725,2,46.5,778,JALUKBARI
726,3,56.0,885,BAGHARBARI
727,2,40.0,622,KHANAPARA
728,3,80.0,1200,GUWAHATI
729,2,38.0,750,KAHILIPARA
730,3,57.3,902,BAGHARBARI
731,2,50.0,750,BAGHARBARI
732,2,36.2,812,KHARGHULI HILLS
733,2,36.3,812,KHARGHULI HILLS
734,2,36.3,812,KHARGHULI HILLS
735,3,60.0,1105,LOKHRA ROAD
736,3,70.3,910,BELTOLA
737,3,45.3,1028,KHARGHULI HILLS
738,3,46.7,1036,KHARGHULI HILLS
739,3,45.4,1028,KHARGHULI HILLS
740,3,46.8,1036,KHARGHULI HILLS
741,3,46.9,1036,KHARGHULI HILLS
742,3,65.0,1250,SIX MILE
743,3,67.8,925,BELTOLA
744,2,50.0,900,BASISHTA
745,3,71.5,1428,PANJABARI
746,3,73.4,968,BELTOLA
747,3,55.0,937,SARABBHATI
748,2,34.1,849,DHARAPUR
749,3,99.5,918,BELTOLA
750,3,53.0,1000,BELTOLA
751,3,75.0,1250,SIX MILE
752,3,57.0,1000,HATIGAON
753,2,49.4,690,BELTOLA
754,2,46.3,962,DWARAKA NAGAR
755,2,51.4,998,KAHILPARA
756,3,60.3,1256,GANESHGURI
757,4,110.00000000000001,2345,KAHILIPARA
758,2,36.4,812,KHARGHULI HILLS
759,3,46.8,1036,KHARGHULI HILLS
760,3,45.4,1028,KHARGHULI HILLS
761,3,45.5,1028,KHARGHULI HILLS
762,2,45.4,655,JALUKBARI
763,3,77.4,1460,KHARGHULI HILLS
764,2,51.5,659,BELTOLA
765,3,55.0,1000,PATOR KUCHI
766,3,80.0,1382,VIP ROAD
767,2,47.8,1139,KAHILIPARA
768,3,81.5,1320,BHANGAGARH
769,3,50.9,862,KHANAPARA
770,3,72.0,1358,BAGHARBARI
771,3,52.1,1126,9TH MILE
772,3,61.0,1270,HATIGAON
773,3,75.0,1100,SIX MILE
774,3,80.0,1400,KAHILIPARA
775,3,85.8,1560,RUKMINI GAON
776,2,47.0,1100,VIP ROAD
777,3,75.0,1100,GUWAHATI
778,3,56.3,1040,PANJABARI
779,3,50.0,1100,PANJABARI
780,3,70.0,1495,HATIGAON
781,3,63.0,1481,SIX MILE
782,2,45.5,815,PANJABARI
783,3,60.0,1100,RUKMINI GAON
784,3,72.8,861,BELTOLA
785,3,66.4,882,BELTOLA
786,3,67.9,1000,BAMUNIMAIDAM
787,3,52.5,950,PANJABARI
788,3,82.0,1550,LACHIT NAGAR
789,3,81.0,1300,NARIKAL BARI
790,3,89.5,985,UZAN BAZAR
791,3,75.6,1344,KAHILIPARA
792,2,32.4,603,AZARA
793,2,43.0,614,BELTOLA
794,3,81.5,1320,BHANGAGARH
795,3,62.3,853,PANJABARI
796,3,50.0,1200,SILPUKHURI
797,2,50.3,927,PANJABARI
798,2,50.0,962,REHABARI
799,3,45.0,1000,SIX MILE
800,3,65.0,1300,GUWAHATI
801,3,64.9,1074,LOKHRA
802,4,70.0,1400,BAMUNIMAIDAM
803,3,70.0,1100,GANDHI BASTI
804,3,68.0,1534,KAHILIPARA
805,3,67.5,1080,BELTOLA
806,3,57.0,1050,BELTOLA
807,2,52.0,1150,RAJGARH ROAD
808,2,45.3,680,BARSAPARA
809,2,60.2,754,RUKMINI GAON
810,2,51.9,900,BELTOLA
811,3,60.6,809,PANJABARI
812,3,62.4,1200,LALMATI
813,4,95.5,1988,KAHILIPARA
814,3,50.0,1000,KAHILIPARA
815,2,42.0,800,KAHILIPARA
816,2,53.9,1036,LALMATI
817,3,67.6,936,SIX MILE
818,3,73.0,916,RUKMINI GAON
819,2,59.0,1282,GUWAHATI
820,2,36.5,653,BIRUBARI
821,2,55.0,1100,PANJABARI BUS STAND
822,2,35.0,650,KALA PAHAR
823,1,25.0,330,PRAGJYOTISH NAGAR
824,3,84.0,1200,GEETANAGAR
825,2,37.0,550,BARSAPARA
826,3,60.0,1400,HATIGAON
827,3,95.0,1563,BHANGAGARH
828,3,60.0,1180,KAHILIPARA
829,4,140.0,1700,SIX MILE
830,3,66.0,1264,PANJABARI
831,3,45.0,1000,KAHILIPARA
832,3,80.0,1280,LAKHIMI NAGAR
833,3,96.5,1755,AMBIKAGIRINAGAR
834,2,50.0,700,LAKHIMI NAGAR
835,3,82.2,1580,VIP ROAD
836,3,71.6,1100,PANJABARI
837,2,45.0,950,DOWNTOWN
838,2,57.0,1076,BAGHARBARI
839,2,45.0,942,HATIGAON
840,3,50.8,750,BARSAPARA
841,3,65.0,1000,SIX MILE
842,3,100.0,2400,GUWAHATI
843,3,98.0,1540,GANDHI BASTI
844,3,70.0,1230,BELTOLA
845,3,63.0,1100,TETELIA
846,3,70.0,1100,SARABBHATI
847,3,62.7,1130,SIX MILE
848,3,77.8,1000,BAMUNIMAIDAM
849,2,70.0,1250,UZAN BAZAR
850,3,70.0,1368,GUWAHATI
851,2,31.0,713,JYOTIKUCHI
852,2,51.5,850,SIX MILE
853,3,45.0,1000,BHETAPARA
854,2,38.0,800,BHETAPARA
855,3,95.5,1540,BHARALUMUKH
856,4,140.0,1820,SARABBHATI
857,2,29.0,670,KAHILIPARA
858,3,61.0,1275,9TH MILE
859,3,72.8,1415,LALMATI
860,2,45.0,799,PATOR KUCHI
861,3,130.0,1450,PAN BAZAR
862,3,60.6,931,BETKUCHI
863,1,17.4,282,9TH MILE
864,2,52.0,1060,SIX MILE
865,2,44.0,1053,MALIGAON
866,3,44.0,792,LAL GANESH
867,3,59.0,1420,MALIGAON
868,2,56.1,980,DATALPARA
869,3,60.8,1012,GANDHI BASTI
870,2,49.5,825,DISPUR
871,2,28.8,800,ADAGUDAM
872,3,69.7,1499,LAKHIMI NAGAR
873,2,42.2,960,ZOO ROAD
874,2,45.1,784,JAPORIGOG
875,3,130.0,2063,ZOO ROAD
876,3,118.0,1914,RUPNAGAR
877,3,65.4,877,AHOM GAON
878,2,41.0,936,HATIGAON
879,3,62.0,950,PANJABARI
880,2,47.3,1050,GHORAMARA
881,3,65.2,1003,HATIGAON
882,3,97.0,1250,SIX MILE
883,3,44.0,1036,KHARGHULI HILLS
884,3,85.0,1540,HENGRABARI
885,3,48.0,1300,BELTOLA
886,2,40.0,800,LOKHRA
887,3,95.0,1700,SIX MILE
888,2,64.0,1534,KAHILIPARA
889,2,51.7,675,KAHILIPARA
890,3,70.7,1026,KAHILIPARA
891,2,48.0,1005,TARUN NAGAR
892,2,45.0,960,BORMOTORIA
893,3,69.4,1443,SIX MILE
894,3,47.0,1200,LOKHRA
895,3,75.0,1200,SIX MILE
896,3,81.9,1365,UZAN BAZAR
897,3,77.1,1285,UZAN BAZAR
898,2,55.2,920,UZAN BAZAR
899,3,65.0,1350,DISPUR
900,3,88.0,1230,DOWNTOWN
901,3,76.0,1255,KAMAKHYA NAGAR
902,3,60.0,930,GUWAHATI
903,3,69.6,1240,VIP ROAD
904,2,53.3,711,KAHILIPARA
905,2,50.0,850,SIX MILE
906,3,65.7,1325,JALUKBARI
907,3,67.6,1202,LOKHRA ROAD
908,3,63.0,1250,CHANDMARI
909,2,46.0,800,SIX MILE
910,3,81.9,1365,UZAN BAZAR
911,3,77.1,1285,UZAN BAZAR
912,2,55.2,920,UZAN BAZAR
913,3,50.4,965,GHORAMARA
914,4,120.0,1450,ZOO ROAD
915,3,91.3,1384,UZAN BAZAR
916,3,90.1,1365,UZAN BAZAR
917,3,84.8,1285,UZAN BAZAR
918,3,53.0,850,VIP ROAD
919,3,56.0,920,VIP ROAD
920,6,2000.0,4500,DIGHALIPUKHURI
921,3,76.0,1000,ZOO ROAD
922,3,46.6,1225,LOKHRA
923,3,54.0,1100,JALUKBARI
924,2,52.6,990,VIP ROAD
925,3,85.0,1200,JAYANAGAR
926,3,67.0,969,BHANGAGARH
927,4,119.0,2200,KALA PAHAR
928,3,64.5,1013,DOWNTOWN
929,2,45.4,760,DOWNTOWN
930,3,55.2,865,DOWNTOWN
931,3,63.0,1100,KAHILIPARA
932,3,64.6,902,PANJABARI
933,3,52.5,1089,BARSAPARA
934,2,98.6,1374,ZOO TINIALI
935,3,55.0,1050,BELTOLA
936,3,62.9,875,PANJABARI
937,3,45.0,920,PATHAR QUARRY
938,3,70.5,968,SIX MILE
939,4,175.0,2695,BELTOLA
940,2,59.8,720,ZOO ROAD
941,3,60.0,850,LACHIT NAGAR
942,4,93.2,1300,BELTOLA
943,3,84.1,1640,KALA PAHAR
944,3,81.0,1177,LACHIT NAGAR
945,3,70.0,938,KHANAPARA
946,2,33.0,566,KAHIKUCHI
947,3,65.6,917,PANJABARI
948,2,50.0,1050,ULUBARI
949,3,64.0,892,PANJABARI
950,3,57.9,813,JALUKBARI
951,3,60.8,1266,HATIGAON
952,3,63.8,889,PANJABARI
953,3,65.0,1150,KAHILIPARA
954,3,84.8,1060,KAHILIPARA
955,3,55.0,976,JALUKBARI
956,1,27.0,521,JALUKBARI
957,1,27.1,521,JALUKBARI
958,3,41.6,885,JALUKBARI
959,2,51.1,1090,JALUKBARI
960,3,45.7,885,JALUKBARI
961,3,63.4,1325,GANESHPARA
962,2,57.9,720,KAHILIPARA
963,3,60.0,1000,RUKMINI GAON
964,3,84.9,1055,BELTOLA
965,2,55.0,850,HATIGAON
966,2,48.0,850,KAHILIPARA
967,1,10.0,200,GUWAHATI
968,3,72.1,1310,ZOO ROAD
969,A,90.0,1000,KHANAPARA
970,3,43.9,760,AZARA
971,3,45.0,760,KHANAPARA
972,2,60.0,1000,CHRISTIAN BASTI
973,2,52.0,950,KAHILIPARA
974,2,48.0,986,PANJABARI
975,2,65.0,1118,BHETAPARA
976,2,33.3,568,AZARA
977,2,49.0,618,PANDU
978,2,53.0,1199,GUWAHATI
979,3,70.0,1100,KAHILIPARA
980,3,50.4,923,AZARA
981,2,54.0,830,LAL GANESH
982,3,70.0,1200,GUWAHATI
983,2,40.0,700,KAHILIPARA
984,2,50.0,1205,HATIGAON
985,3,78.6,1289,GANDHI BASTI
986,3,100.0,1062,KAHILIPARA
987,2,65.0,985,BHANGAGARH
988,2,52.0,800,BHETAPARA
989,3,88.0,1600,BELTOLA
990,2,55.0,1200,ULUBARI
991,3,98.2,1889,SIX MILE
992,3,52.9,1192,LOKHRA
993,2,38.0,680,KAHILIPARA
994,2,65.1,1138,NALAPARA
995,3,66.0,849,PANDU
996,3,49.5,1200,LAL GANESH
997,2,36.9,595,DHARAPUR
998,2,55.0,1100,NALAPARA
999,4,128.0,2927,BHETAPARA
1000,1,30.0,750,GUWAHATI
1001,3,67.9,924,KAHILIPARA
1002,2,40.9,1075,JALUKBARI
1003,2,43.0,779,JATIA
1004,3,65.0,1000,SURVEY
1005,2,42.2,1110,JALUKBARI
1006,3,62.7,1115,BORMOTORIA
1007,4,153.0,3200,PANJABARI
1008,3,72.8,1050,VIP ROAD
1009,2,34.0,618,KAHIKUCHI
1010,3,70.0,1459,GS ROAD
1011,3,56.0,1367,DOWNTOWN
1012,4,90.0,1846,LOKHRA ROAD
1013,2,38.1,890,AHOM GAON
1014,3,41.0,716,KAHIKUCHI
1015,3,43.9,760,KAHIKUCHI
1016,3,105.0,2850,VIP ROAD
1017,3,69.0,1500,CHANDMARI
1018,3,70.0,1150,CHANDMARI
1019,2,50.0,950,HATIGAON
1020,3,75.0,1560,RUKMINI GAON
1021,3,62.0,1100,BELTOLA
1022,3,61.2,1360,BHETAPARA
1023,4,90.0,1846,LOKHRA ROAD
1024,3,55.0,1300,KAHILIPARA
1025,3,55.5,1300,PANJABARI
1026,3,42.7,757,KAHIKUCHI
1027,2,42.0,750,BELTOLA
1028,2,37.0,900,KAHILIPARA
1029,4,107.0,1800,PANJABARI
1030,3,54.0,910,DHIRENPARA
1031,3,58.0,1100,BELTOLA
1032,2,52.8,722,KAHILIPARA
1033,3,50.4,923,KAHIKUCHI
1034,3,55.0,1150,KAHILIPARA
1035,2,57.0,722,KAHILIPARA
1036,2,48.6,639,KHANAPARA
1037,2,50.7,780,BAGHARBARI
1038,3,76.5,1382,KAHILIPARA
1039,3,47.5,970,GHORAMARA
1040,3,62.4,1558,HATIGAON
1041,1,37.0,870,GUWAHATI
1042,3,52.0,1055,JALUKBARI
1043,3,68.0,1100,HATIGAON
1044,3,44.3,790,KAHIKUCHI
1045,6,150.0,3100,BELTOLA
1046,2,34.0,538,DHARAPUR
1047,2,38.0,603,KHANAPARA
1048,3,69.0,1390,GANESHGURI
1049,3,78.0,1350,BELTOLA
1050,3,85.0,1200,JAYANAGAR
1051,3,75.0,1300,DISPUR
1052,3,68.0,1250,JANAKPUR
1053,3,49.2,1295,JALUKBARI
1054,3,49.2,1295,JALUKBARI
1055,2,54.6,1138,NALAPARA
1056,3,68.0,1430,BELTOLA
1057,3,90.0,1200,AZARA
1058,2,50.0,901,PATOR KUCHI
1059,3,74.3,964,PATHAR QUARRY
1060,3,69.8,952,KAHILIPARA
1061,3,78.4,1078,KAHILIPARA
1062,4,140.0,1202,REHABARI
1063,3,50.0,1150,RUKMINI GAON
1064,3,87.4,1578,GEETANAGAR
1065,3,51.6,844,JALUKBARI
1066,2,42.0,1200,SARABBHATI
1067,3,83.0,1384,UZAN BAZAR
1068,2,40.0,900,BHETAPARA
1069,3,56.5,990,VIP ROAD
1070,3,50.0,1350,LANKESHWAR
1071,3,52.2,1306,9TH MILE
1072,3,51.0,1276,9TH MILE
1073,4,180.0,1800,BELTOLA
1074,2,42.6,1064,9TH MILE
1075,2,39.9,997,9TH MILE
1076,1,17.8,445,9TH MILE
1077,3,52.3,1306,9TH MILE
1078,2,42.6,1064,9TH MILE
1079,2,39.9,997,9TH MILE
1080,3,70.0,1000,SIX MILE
1081,2,75.0,810,KAHILIPARA
1082,3,60.0,900,RAJGARH ROAD
1083,3,47.0,1236,LOKHRA
1084,3,91.3,1384,UZAN BAZAR
1085,3,90.1,1365,UZAN BAZAR
1086,3,84.8,1285,UZAN BAZAR
1087,2,36.5,689,LOKHRA
1088,3,80.6,1726,DATALPARA
1089,3,85.6,1711,NOONMATI
1090,3,52.0,1100,KAHILIPARA
1091,3,41.0,644,DHARAPUR
1092,4,100.0,1755,SIX MILE
1093,4,131.0,2310,BIRUBARI
1094,3,70.0,1420,JALUKBARI
1095,2,52.0,1250,HATIGAON
1096,2,45.0,1050,VIP ROAD
1097,3,50.0,1280,AZARA
1098,3,34.0,948,DHARAPUR
1099,2,37.5,691,GHORAMARA
1100,3,52.0,1488,DHARAPUR
1101,3,82.0,1314,SARABBHATI
1102,3,72.0,1500,PANJABARI
1103,3,42.9,1100,LAL GANESH
1104,3,56.5,855,LOKHRA
1105,3,55.0,950,TARUN NAGAR
1106,3,57.5,1300,GHORAMARA
1107,2,41.0,800,JALUKBARI
1108,2,46.0,700,DOWNTOWN
1109,3,69.7,1405,BAMUNIMAIDAM
1110,2,44.8,762,BHETAPARA
1111,3,57.0,1147,SIX MILE
1112,3,71.0,1199,PANJABARI BUS STAND
1113,4,60.0,1050,GOTANAGAR
1114,3,64.4,840,BHETAPARA
1115,2,60.2,1113,BORMOTORIA
1116,2,73.5,1361,BORMOTORIA
1117,3,45.0,1400,CHRISTIAN BASTI
1118,3,99.5,1086,SANTIPUR
1119,3,83.6,968,BIRUBARI
1120,2,33.9,600,DHARAPUR
1121,3,55.0,1100,SIX MILE
1122,2,42.0,819,NOONMATI
1123,3,61.0,1270,HATIGAON
1124,3,60.1,1245,HATIGAON
1125,2,41.7,752,MALIGAON
1126,2,45.0,943,HATIGAON
1127,3,54.5,1200,KHANAMUKH
1128,3,45.0,1145,DISPUR
1129,3,63.0,1060,DISPUR
1130,2,40.0,980,SAWKUCHI
1131,2,45.0,670,JALUKBARI
1132,3,47.0,700,JALUKBARI
1133,3,56.0,977,PANJABARI
1134,3,60.3,1300,GANESHPARA
1135,2,47.4,800,BAGHARBARI
1136,3,40.0,1200,LANKESHWAR
1137,3,65.0,1446,SARUSAJAI
1138,3,61.1,1270,HATIGAON
1139,3,60.0,1245,HATIGAON
1140,3,50.0,900,HATIGAON
1141,3,44.0,1000,PANJABARI
1142,3,60.6,1308,GANESHPARA
1143,3,70.0,1400,DISPUR
1144,3,70.3,1465,HENGRABARI
1145,3,72.0,1050,BAKARAPARA
1146,3,70.3,1355,KAHILIPARA
1147,3,75.5,1460,KAHILIPARA
1148,3,80.1,1555,KAHILIPARA
1149,3,80.4,1560,KAHILIPARA
1150,3,87.3,1700,KAHILIPARA
1151,3,96.2,1882,KAHILIPARA
1152,3,80.8,1388,RAJGARH ROAD
1153,3,70.0,1300,NOONMATI
1154,3,63.9,1681,GARCHUK
1155,3,95.0,1820,KAHILIPARA
1156,2,55.0,1040,LAL GANESH
1157,2,60.1,1113,BORMOTORIA
1158,2,73.5,1361,BORMOTORIA
1159,3,70.3,1465,DOWNTOWN
1160,3,70.2,1355,KAHILIPARA
1161,3,75.4,1460,KAHILIPARA
1162,3,80.1,1555,KAHILIPARA
1163,3,80.3,1560,KAHILIPARA
1164,3,87.2,1700,KAHILIPARA
1165,3,65.0,1216,ADABARI
1166,2,45.0,620,BHETAPARA
1167,3,85.0,1384,UZAN BAZAR
1168,3,86.8,1670,BHETAPARA
1169,3,51.0,700,BHETAPARA
1170,3,70.0,1200,BELTOLA
1171,1,26.1,484,BORMOTORIA
1172,1,28.5,527,BORMOTORIA
1173,1,33.7,624,BORMOTORIA
1174,4,142.0,2960,KALA PAHAR
1175,1,22.5,320,JALUKBARI
1176,3,72.0,1200,KAHILIPARA
1177,2,85.0,1359,HATIGAON
1178,3,58.5,888,LOKHRA
1179,3,55.0,1306,GHORAMARA
1180,3,62.8,845,BELTOLA
1181,2,28.0,700,ADAGUDAM
1182,3,58.0,900,GEETANAGAR
1183,2,35.0,650,NALAPARA
1184,2,33.0,849,DHARAPUR
1185,3,66.0,1150,KAHILIPARA
1186,3,50.0,1326,LOKHRA
1187,3,54.9,1193,LALMATI
1188,2,47.9,1036,LALMATI
1189,3,57.0,1280,LAL GANESH
1190,3,79.2,970,KAHILIPARA
1191,2,31.9,798,AHOM GAON
1192,2,43.1,957,BELTOLA
1193,3,61.3,1362,BELTOLA
1194,3,62.3,1385,BELTOLA
1195,3,59.4,1320,BELTOLA
1196,3,62.0,1239,KAHILIPARA
1197,3,75.0,1610,BEHARBARI CHARIALI
1198,3,47.0,1000,PANJABARI
1199,3,65.7,919,PANJABARI
1200,3,48.8,1220,AHOM GAON
1201,3,70.0,985,PANJABARI
1202,3,61.2,893,LAKHIMI NAGAR
1203,3,78.2,1108,DATALPARA
1204,2,56.2,1080,BHETAPARA
1205,3,54.6,800,GOTANAGAR
1206,3,55.0,950,DOWNTOWN
1207,2,48.7,648,DATALPARA
1208,2,45.0,1010,BHETAPARA
1209,3,150.0,1485,BELTOLA
1210,2,40.7,872,KAHILIPARA
1211,3,77.2,1141,LAKHIMI NAGAR
1212,3,72.3,915,BELTOLA
1213,3,47.0,950,JALUKBARI
1214,3,115.99999999999999,1137,BELTOLA
1215,3,90.0,1450,GUWAHATI
1216,3,50.0,1200,BELTOLA
1217,3,52.0,1050,AHOM GAON
1218,3,66.8,923,PANJABARI
1219,3,70.0,1150,DISPUR
1220,3,65.0,1200,DOWNTOWN
1221,3,62.3,893,LAKHIMI NAGAR
1222,2,65.0,900,GUWAHATI
1223,3,65.1,945,LAKHIMI NAGAR
1224,3,79.0,1184,LAKHIMI NAGAR
1225,2,37.0,850,PRAGJYOTISH NAGAR
1226,3,46.0,828,ODALBAKRA
1227,3,83.0,1384,UZAN BAZAR
1228,2,50.0,770,BHANGAGARH
1229,2,47.7,715,GANESHPARA
1230,3,60.0,1000,SIX MILE
1231,3,75.0,1585,BHETAPARA
1232,3,48.0,1090,PANJABARI BUS STAND
1233,2,40.0,800,HATIGAON
1234,3,52.0,1000,VIP ROAD
1235,2,46.0,888,BELTOLA
1236,2,39.0,565,LAL GANESH
1237,3,67.0,1400,LAKHIMI NAGAR
1238,3,76.0,1713,VIP ROAD
1239,3,74.6,1061,SIX MILE
1240,2,39.6,880,DOWNTOWN
1241,2,47.0,850,HATIGAON
1242,3,56.3,1250,DOWNTOWN
1243,2,40.0,911,KHANAPARA
1244,3,65.0,1200,GHORAMARA
1245,2,70.0,1465,LALMATI
1246,2,52.1,975,DOWNTOWN
1247,2,52.1,975,DOWNTOWN
1248,2,52.2,975,DOWNTOWN
1249,3,69.6,1341,DOWNTOWN
1250,3,69.7,1341,DOWNTOWN
1251,3,69.7,1341,DOWNTOWN
1252,3,70.8,1365,DOWNTOWN
1253,3,70.8,1365,DOWNTOWN
1254,3,70.9,1365,DOWNTOWN
1255,3,75.0,1330,BELTOLA
1256,3,82.0,1350,NEW SARANIA
1257,2,43.0,800,DOWNTOWN
1258,3,45.5,792,JALUKBARI
1259,3,61.8,1334,GANESHPARA
1260,3,90.0,1200,SIX MILE
1261,3,78.5,1246,HATIGAON
1262,3,64.0,1660,DHARAPUR
1263,2,49.0,1000,HATIGAON
1264,3,64.6,870,NAVAGRAHA ROAD
1265,3,74.6,1080,BELTOLA
1266,2,50.0,800,LALMATI
1267,3,62.0,1230,LAL GANESH
1268,3,59.7,1297,LOKHRA ROAD
1269,3,95.2,1656,GANESHGURI
1270,2,32.0,1050,KAHILIPARA
1271,2,26.0,687,PANIKHAITI
1272,2,56.4,885,CHANDMARI
1273,3,47.0,1168,DHARAPUR
1274,3,49.0,1100,PANJABARI
1275,3,65.0,1332,RAJGARH ROAD
1276,3,90.0,1400,GANESHGURI
1277,2,38.6,935,CHANDMARI
1278,2,23.0,500,GUWAHATI
1279,3,56.0,1200,VIP ROAD
1280,4,65.0,1300,JALUKBARI
1281,3,75.0,1537,JAYANAGAR
1282,4,30.0,1900,DISPUR
1283,3,76.2,1150,CHANDMARI
1284,2,50.0,800,CHANDMARI
1285,2,30.0,850,LAL GANESH
1286,3,84.3,1453,GANESHGURI
1287,2,64.5,1112,GANESHGURI
1288,3,56.3,1100,NOONMATI
1289,2,49.0,629,JALUKBARI
1290,3,52.2,761,JALUKBARI
1291,3,60.2,865,JALUKBARI
1292,2,44.0,810,SIX MILE
1293,3,56.0,1140,SIX MILE
1294,2,45.0,900,HATIGAON
1295,2,52.0,1150,ZOO ROAD
1296,3,60.0,1150,MALIGAON
1297,2,57.1,838,BORSOJAI
1298,2,37.7,748,NALAPARA
1299,3,50.0,1150,SATGAON
1300,2,48.6,706,JALUKBARI
1301,2,49.4,800,BELTOLA
1302,3,52.0,1250,DHARAPUR
1303,2,50.0,1150,HATIGAON
1304,3,88.2,1593,GEETANAGAR
1305,1,31.5,453,JALUKBARI
1306,2,40.0,900,SATGAON
1307,3,48.0,1000,SATGAON
1308,3,65.0,985,PANJABARI
1309,3,65.0,966,SURVEY
1310,3,80.0,1400,GS ROAD
1311,3,65.0,1460,NOONMATI
1312,2,50.0,800,AMBIKAGIRINAGAR
1313,2,50.0,1150,BORBARI
1314,3,82.2,1490,ULUBARI
1315,3,48.0,1085,PANJABARI
1316,3,75.1,1080,HENGRABARI
1317,3,56.0,1248,LAL GANESH
1318,2,34.1,849,DHARAPUR
1319,3,44.0,1182,DHARAPUR
1320,3,44.0,999,DHARAPUR
1321,3,57.0,1261,LAL GANESH
1322,4,91.0,1592,PANJABARI
1323,3,57.6,1041,PANJABARI
1324,3,65.0,1393,VIP ROAD
1325,3,40.0,850,BHASKAR NAGAR
1326,3,67.9,807,RAJGARH ROAD
1327,3,63.4,992,BAGHARBARI
1328,3,80.0,1400,KAHILIPARA
1329,2,52.3,1027,KAHILIPARA
1330,3,65.0,1100,GANESHGURI
1331,2,46.0,1030,BHETAPARA
1332,3,52.1,898,HATIGAON
1333,2,40.0,700,BHETAPARA
1334,2,38.4,863,LALMATI
1335,1,150.0,1500,ULUBARI
1336,1,26.0,533,KHANAPARA
1337,3,65.3,1360,BHETAPARA
1338,3,58.0,1000,TARUN NAGAR
1339,3,41.7,681,BELTOLA
1340,4,56.0,1675,AZARA
1341,3,54.0,950,TARUN NAGAR
1342,2,45.0,790,PALTAN BAZAAR
1343,3,74.0,1150,SIX MILE
1344,3,34.1,645,DHARAPUR
1345,3,85.0,1378,PANJABARI
1346,3,50.0,1100,PANJABARI
1347,3,52.8,837,BELTOLA
1348,3,69.6,1450,BHETAPARA
1349,4,117.0,1302,FATASIL AMBARI
1350,3,93.7,1039,FATASIL AMBARI
1351,1,24.0,300,PANJABARI
1352,3,55.0,850,DISPUR
1353,3,61.0,1000,BASISTHA
1354,1,24.5,374,KHANAPARA
1355,2,85.0,900,SURVEY
1356,3,46.7,725,NOONMATI
1357,3,59.6,960,LALMATI
1358,3,60.0,1294,GANESHPARA
1359,3,61.4,1340,AHOM GAON
1360,3,62.0,1105,GHORAMARA
1361,3,135.0,1600,HENGRABARI
1362,3,96.0,1557,KHARGHULI HILLS
1363,3,54.4,887,LAL GANESH
1364,2,40.0,870,PANJABARI
1365,3,73.0,1365,HENGRABARI
1366,3,74.3,1054,DHIRENPARA
1367,3,74.5,1001,DHIRENPARA
1368,3,52.8,1284,BASISTHA
1369,3,61.0,1000,BAISISTHA
1370,4,102.0,1418,DHIRENPARA
1371,2,38.9,677,9TH MILE
1372,3,60.5,1041,PANJABARI
1373,3,51.0,1150,SURVEY
1374,3,74.0,948,JALUKBARI
1375,3,74.3,1130,PANJABARI
1376,3,61.2,1087,GEETANAGAR
1377,3,58.3,1300,KHANAMUKH
1378,3,52.4,1270,BAGHARBARI
1379,3,86.2,1554,GEETANAGAR
1380,3,80.0,1150,CHRISTIAN BASTI
1381,3,84.0,1200,JAYANAGAR
1382,3,54.0,1200,NARENGI TINALI
1383,4,60.0,1200,9TH MILE
1384,3,60.0,1100,KAHILIPARA
1385,3,65.0,1200,SIX MILE
1386,3,60.0,1000,SIX MILE
1387,3,49.6,785,SATGAON
1388,2,33.0,703,DHARAPUR
1389,3,65.5,1363,DOWNTOWN
1390,3,75.0,1050,GUWAHATI
1391,2,56.8,1530,KAHILIPARA
1392,3,79.5,1419,GEETANAGAR
1393,2,44.8,675,DHARAPUR
1394,3,162.0,3085,GEETANAGAR
1395,3,164.0,3126,GEETANAGAR
1396,3,68.7,1527,BHETAPARA
1397,3,67.0,1070,SIX MILE
1398,2,42.3,765,JALUKBARI
1399,1,28.0,700,BELTOLA
1400,3,76.5,1359,GEETANAGAR
1401,2,45.2,631,JALUKBARI
1402,2,56.3,1043,BARSAPARA
1403,2,38.8,947,KHANAPARA
1404,3,76.0,1100,BHANGAGARH
1405,3,75.0,1637,ABC POINT
1406,3,76.2,1354,GEETANAGAR
1407,3,76.5,1359,GEETANAGAR
1408,3,77.8,1386,GEETANAGAR
1409,3,79.5,1419,GEETANAGAR
1410,3,86.2,1554,GEETANAGAR
1411,3,86.7,1564,GEETANAGAR
1412,3,72.0,1100,DISPUR
1413,3,88.2,1593,GEETANAGAR
1414,3,76.3,1354,GEETANAGAR
1415,3,76.5,1359,GEETANAGAR
1416,3,77.9,1386,GEETANAGAR
1417,3,126.0,2353,GEETANAGAR
1418,2,43.0,780,KAHILIPARA
1419,3,70.0,1080,BELTOLA
1420,3,52.1,1126,9TH MILE
1421,3,86.8,1566,GEETANAGAR
1422,3,87.0,1570,GEETANAGAR
1423,3,87.4,1578,GEETANAGAR
1424,2,55.0,750,DISPUR
1425,3,79.5,1419,GEETANAGAR
1426,3,86.3,1554,GEETANAGAR
1427,1,30.7,575,JALUKBARI
1428,2,38.0,850,KAHILIPARA
1429,2,55.8,1115,BIRUBARI
1430,3,63.0,1465,BELTOLA
1431,3,45.0,1200,MALIGAON
1432,3,63.1,1467,BELTOLA
1433,3,112.00000000000001,1300,BHANGAGARH
1434,3,67.7,1575,BELTOLA
1435,3,61.7,1435,BELTOLA
1436,3,73.0,1030,DHIRENPARA
1437,2,61.5,845,DHIRENPARA
1438,4,102.0,2135,PANJABARI
1439,4,81.0,1883,BELTOLA
1440,3,71.7,966,DHIRENPARA
1441,3,48.0,913,DHARAPUR
1442,3,77.4,1047,DHIRENPARA
1443,2,49.0,783,NARENGI TINALI
1444,3,68.9,972,ULUBARI
1445,2,49.0,1050,GHORAMARA
1446,3,75.4,1054,SIX MILE
1447,2,44.0,1023,BELTOLA
1448,3,52.8,1005,JALUKBARI
1449,1,25.5,380,BHANGAGARH
1450,2,56.1,1005,LALMATI
1451,3,48.7,1207,BASISTHA
1452,2,37.5,906,BASISTHA
1453,2,46.5,800,GANDHI BASTI
1454,3,44.3,1155,AZARA
1455,3,90.8,1650,BIRUBARI
1456,3,60.0,750,LOKHRA ROAD
1457,3,65.0,1260,ULUBARI
1458,2,47.0,720,DHARAPUR
1459,3,88.0,1233,SIX MILE
1460,3,64.1,1490,BELTOLA
1461,3,63.5,1477,BELTOLA
1462,3,58.2,1108,JALUKBARI
1463,2,25.0,720,JYOTIKUCHI
1464,3,154.0,2188,ZOO TINIALI
1465,3,63.3,1472,BELTOLA
1466,3,65.0,1250,HENGRABARI
1467,2,43.0,800,SIX MILE
1468,3,105.0,1100,TARUN NAGAR
1469,3,60.0,1200,BAMUNIMAIDAM
1470,3,54.0,945,GOTANAGAR
1471,3,75.0,1248,CHANDMARI
1472,3,45.0,965,AZARA
1473,4,160.0,2500,GANESHGURI
1474,3,231.99999999999997,2900,KHARGHULI HILLS
1475,3,111.00000000000001,1851,KHARGHULI HILLS
1476,3,62.6,813,VIP ROAD
1477,3,76.5,1500,SIX MILE
1478,3,86.0,1520,GANDHI BASTI
1479,2,56.8,997,KAHILIPARA
1480,3,63.5,1040,LAKHIMI NAGAR
1481,3,55.6,1053,BELTOLA
1482,3,66.0,1310,PANJABARI
1483,3,54.6,1250,HATIGAON
1484,3,51.0,920,HATIGAON
1485,3,42.0,913,KAHIKUCHI
1486,3,98.0,1200,REHABARI
1487,3,50.0,1000,JALUKBARI
1488,3,44.8,732,BELTOLA
1489,2,47.0,902,HATIGAON
1490,3,76.9,1303,ZOO TINIALI
1491,3,44.9,734,BELTOLA
1492,3,53.0,900,KHANAPARA
1493,3,70.0,1475,JALUKBARI
1494,3,62.8,1428,SIX MILE
1495,2,35.0,571,BELTOLA
1496,3,78.2,1630,PANJABARI
1497,3,70.0,994,JALUKBARI
1498,3,64.9,1325,HATIGAON
1499,3,55.1,1225,LAL GANESH
1500,3,92.9,1498,KHARGHULI HILLS
1501,3,51.0,1200,KHANAPARA
1502,3,96.4,1606,KHARGHULI HILLS
1503,3,82.8,1725,PANJABARI
1504,1,19.3,315,BELTOLA
1505,3,58.0,950,BELTOLA
1506,2,49.7,757,BAGHARBARI
1507,2,58.8,996,ZOO TINIALI
1508,2,43.2,900,PANJABARI
1509,A,80.0,1250,BAISISTHA
1510,4,180.0,1675,SATGAON
1511,3,90.0,1740,VIP ROAD
1512,3,31.0,1150,KAHILIPARA
1513,3,63.2,816,PANJABARI
1514,4,202.0,2502,ZOO ROAD
1515,2,31.6,510,SATGAON
1516,3,64.4,1342,DOWNTOWN
1517,3,48.3,835,LOKHRA
1518,3,85.7,1429,KHARGHULI HILLS
1519,2,72.8,1213,KHARGHULI HILLS
1520,3,5.0,1350,GUWAHATI
1521,3,62.0,1150,BHETAPARA
1522,2,46.8,975,DOWNTOWN
1523,3,60.0,1250,GUWAHATI
1524,3,81.7,1404,RAJGARH ROAD
1525,3,48.6,980,LOKHRA
1526,3,88.2,1522,RAJGARH ROAD
1527,2,41.4,640,SATGAON
1528,3,78.0,1625,NOONMATI
1529,3,73.8,1308,BELTOLA
1530,3,53.2,885,SATGAON
1531,2,40.0,1090,JALUKBARI
1532,2,42.4,715,SATGAON
1533,3,49.5,1201,KHANAPARA
1534,3,63.6,1014,DHARAPUR
1535,3,152.0,2874,GEETANAGAR
1536,3,153.0,2890,GEETANAGAR
1537,3,58.0,838,DHARAPUR
1538,2,49.0,990,DHARAPUR
1539,3,67.9,953,LAL GANESH
1540,3,54.0,880,BHANGAGARH
1541,2,33.4,545,BELTOLA
1542,3,59.3,951,JALUKBARI
1543,3,126.0,1775,ZOO TINIALI
1544,3,54.0,1000,HATIGAON
1545,3,77.8,1386,GEETANAGAR
1546,3,60.0,1265,DHARAPUR
1547,1,22.0,302,DHARAPUR
1548,2,42.0,556,JALUKBARI
1549,3,65.0,1300,BARSAPARA
1550,2,62.0,1172,KAHILIPARA
1551,2,39.9,793,SIX MILE
1552,2,36.2,612,DHIRENPARA
1553,3,73.2,1525,PANJABARI
1554,2,50.0,980,GANESHGURI
1555,4,84.0,1500,KAHILIPARA
1556,3,54.0,1000,KAHILIPARA
1557,2,30.0,538,KALA PAHAR
1558,2,54.3,1015,SOUTH SARANIA
1559,2,32.0,700,GUWAHATI
1560,2,65.0,1128,BELTOLA
1561,2,600.0,1600,GANESHGURI
1562,3,56.7,880,JALUKBARI
1563,2,45.0,1100,ADABARI
1564,3,55.5,1120,LAL GANESH
1565,3,55.5,1109,KAHILIPARA
1566,3,56.0,1050,SIX MILE
1567,3,60.0,1000,DOWNTOWN
1568,4,75.2,1550,KAHILIPARA
1569,2,45.0,900,PANJABARI
1570,3,73.0,1505,KAHILIPARA
1571,3,50.8,800,SATGAON
1572,3,60.8,863,JALUKBARI
1573,3,80.0,1180,UZAN BAZAR
1574,3,63.0,1140,CHANDMARI
1575,2,38.0,855,JALUKBARI
1576,3,69.9,1243,GEETANAGAR
1577,3,68.3,973,GANESHGURI
1578,2,50.0,640,LOKHRA
1579,3,61.6,1050,VIP ROAD
1580,3,57.5,1278,LAL GANESH
1581,3,61.0,1250,GUWAHATI
1582,3,51.9,743,SURVEY
1583,3,42.0,913,KAHIKUCHI
1584,2,44.7,938,GANESHPARA
1585,2,58.9,1132,BIRUBARI
1586,3,62.0,1100,KAHILIPARA
1587,3,51.0,910,LAL GANESH
1588,2,36.8,800,HATIGAON
1589,2,39.8,700,LALMATI
1590,2,56.8,998,KAHILIPARA
1591,3,61.6,1048,VIP ROAD
1592,3,98.0,1800,TARUN NAGAR
1593,3,97.2,1567,PALTAN BAZAAR
1594,2,36.0,770,LOKHRA
1595,3,90.2,1504,SARABBHATI
1596,3,62.8,1396,PANJABARI
1597,3,70.1,955,KAHILIPARA
1598,3,49.4,804,BORAGAON
1599,3,40.0,1107,MALIGAON
1600,2,50.0,932,BARSAPARA
1601,3,57.0,1100,BORBARI
1602,2,51.0,1000,SIX MILE
1603,3,83.7,1555,MANPARA
1604,4,106.0,2025,MANPARA
1605,4,106.0,2025,MANPARA
1606,2,41.0,1175,AZARA
1607,2,58.9,950,KHARGHULI HILLS
1608,2,38.4,615,DHARAPUR
1609,3,90.0,1500,KALA PAHAR
1610,3,73.9,1355,MANPARA
1611,3,80.8,1495,MANPARA
1612,2,39.3,630,BORAGAON
1613,3,75.0,1460,KAHILPARA
1614,3,80.3,1485,MANPARA
1615,3,83.7,1555,MANPARA
1616,3,75.2,1380,MANPARA
1617,3,80.3,1485,MANPARA
1618,3,57.5,1250,BAGHARBARI
1619,3,83.5,1550,MANPARA
1620,3,73.8,1230,BHANGAGARH
1621,2,49.9,1189,BORSOJAI
1622,3,83.5,1550,MANPARA
1623,3,75.1,1380,MANPARA
1624,2,45.0,850,ADABARI
1625,2,64.5,1112,GANESHGURI
1626,2,61.0,956,REHABARI
1627,3,94.5,1670,BHETAPARA
1628,3,75.0,1000,ULUBARI
1629,3,50.0,920,BIRUBARI
1630,3,47.6,820,JALUKBARI
1631,3,47.0,700,KAHIKUCHI
1632,2,39.2,872,KAHILIPARA
1633,3,36.0,999,DHARAPUR
1634,3,75.0,1100,SILPUKHURI
1635,3,74.7,1494,ZOO ROAD
1636,3,78.7,1180,GEETANAGAR
1637,2,42.5,740,JAPORIGOG
1638,2,45.0,1000,BHANGAGARH
1639,3,65.5,1016,SURVEY
1640,3,64.1,937,KHANAPARA
1641,3,50.4,884,KALA PAHAR
1642,1,26.7,475,JALUKBARI
1643,3,51.5,920,ZOO ROAD
1644,3,90.0,1600,LOKHRA
1645,3,74.0,1450,GUWAHATI
1646,3,52.0,900,JALUKBARI
1647,2,58.6,1274,DHIRENPARA
1648,3,71.2,1582,DHIRENPARA
1649,4,88.2,1840,KHANAPARA
1650,2,35.0,800,LOKHRA
1651,3,79.5,1282,BELTOLA
1652,3,150.0,1450,NAVAGRAHA ROAD
1653,3,66.2,1180,JALUKBARI
1654,2,32.6,579,GARCHUK
1655,3,49.7,942,TETELIA
1656,2,42.3,941,AZARA
1657,2,44.2,982,AZARA
1658,2,42.4,941,AZARA
1659,2,44.2,982,AZARA
1660,3,52.6,1166,AZARA
1661,2,28.0,400,PATOR KUCHI
1662,3,110.00000000000001,2017,ZOO ROAD
1663,3,89.3,1137,REHABARI
1664,3,64.0,1000,KALA PAHAR
1665,3,53.0,1100,SIX MILE
1666,2,36.0,675,LAL GANESH
1667,2,57.6,850,VIP ROAD
1668,3,75.0,1500,JALUKBARI
1669,2,37.3,640,JALUKBARI
1670,3,94.6,1455,BHANGAGARH
1671,3,50.0,900,BELTOLA
1672,3,48.0,1000,LALMATI
1673,3,55.0,1000,DOWNTOWN
1674,2,45.0,900,BELTOLA
1675,2,42.4,941,AZARA
1676,2,44.3,982,AZARA
1677,3,51.7,1148,AZARA
1678,3,51.7,1148,AZARA
1679,3,51.7,1148,AZARA
1680,3,52.5,1166,AZARA
1681,3,52.5,1166,AZARA
1682,3,70.9,1002,LACHIT NAGAR
1683,3,55.0,800,HATIGAON
1684,2,42.0,1200,SILPUKHURI
1685,3,54.0,1200,SIX MILE
1686,3,64.6,1270,PANJABARI
1687,3,74.0,1557,KAHILIPARA
1688,3,60.0,1025,SOUTH SARANIA
1689,4,130.0,2200,KALA PAHAR
1690,4,154.0,2600,KALA PAHAR
1691,3,65.0,1433,LOKHRA
1692,3,72.0,1435,PANJABARI
1693,4,83.0,2125,KAHILIPARA
1694,3,96.0,1600,KHARGHULI HILLS
1695,2,42.0,780,JYOTIKUCHI
1696,2,55.0,800,RUKMINI GAON
1697,3,83.4,1525,KAHILIPARA
1698,3,92.5,1640,KALA PAHAR
1699,3,45.4,950,LAL GANESH
1700,3,35.0,900,JALUKBARI
1701,3,98.0,1800,TARUN NAGAR
1702,2,33.9,800,LOKHRA
1703,3,72.0,1360,RUKMINI GAON
1704,3,54.5,1100,NAYANPUR
1705,3,98.0,1600,ZOO ROAD
1706,2,53.0,900,BHETAPARA
1707,4,128.0,2180,BHANGAGARH
1708,3,59.1,899,LOKHRA
1709,3,41.8,749,GARCHUK
1710,4,140.0,2600,KALA PAHAR
1711,3,63.7,809,PANJABARI
1712,2,49.0,733,BELTOLA
1713,3,58.0,881,LOKHRA
1714,2,42.0,700,DAKHINGAON
1715,3,70.0,1400,JALUKBARI
1716,3,67.0,1340,DISPUR
1717,3,52.0,1150,JALUKBARI
1718,3,44.7,740,GARCHUK
1719,3,68.0,1340,BELTOLA
1720,3,74.6,1156,LOKHRA
1721,3,66.8,858,PANJABARI
1722,2,35.0,1200,JALUKBARI
1723,4,91.6,1280,KHANAPARA
1724,3,68.2,1325,DISPUR
1725,5,86.0,1860,HATIGAON
1726,3,53.0,1370,BELTOLA
1727,4,100.0,1500,AMBIKAGIRINAGAR
1728,4,140.0,2600,KALA PAHAR
1729,3,57.0,1250,HATIGAON
1730,2,36.0,700,ZOO ROAD
1731,2,55.8,823,GANESHGURI
1732,3,76.8,1670,LOKHRA
1733,3,61.4,823,SURVEY
1734,4,165.0,2150,ATHGAON
1735,3,71.3,1372,SOUTH SARANIA
1736,3,61.1,1422,SIX MILE
1737,3,52.5,1150,MALIGAON
1738,4,157.0,3143,KHANAPARA
1739,3,47.0,940,BORMOTORIA
1740,3,50.0,1250,NALAPARA
1741,2,52.9,1058,KHANAPARA
1742,3,63.0,1355,KHANAPARA
1743,3,58.6,700,CHANDMARI
1744,2,58.0,1074,GANESHGURI
1745,2,39.7,650,LAL GANESH
1746,3,56.7,1222,LOKHRA
1747,3,45.9,770,KHANAPARA
1748,3,50.0,1100,GUWAHATI
1749,3,75.0,1200,TARUN NAGAR
1750,3,63.0,1050,DISPUR
1751,3,75.0,1100,RAJGARH ROAD
1752,3,57.5,996,KALA PAHAR
1753,4,72.0,1165,BORAGAON
1754,3,65.0,1357,LALMATI
1755,3,71.8,1061,BELTOLA
1756,3,70.0,1000,BELTOLA
1757,2,56.0,880,BHANGAGARH
1758,2,42.0,766,DHARAPUR
1759,3,95.0,1480,RUKMINI GAON
1760,3,85.9,1652,BIRUBARI
1761,2,59.0,1000,RUPNAGAR
1762,3,48.0,1200,ADABARI
1763,2,35.0,700,NARIKAL BARI
1764,4,121.0,2130,BHETAPARA
1765,3,102.0,1660,ULUBARI
1766,3,49.4,1148,AZARA
1767,2,47.1,935,KAHILIPARA
1768,3,60.6,931,GARCHUK
1769,3,55.6,1053,BELTOLA
1770,2,49.0,1050,BELTOLA
1771,3,54.6,1109,ODALBAKRA
1772,3,63.9,1332,LOKHRA
1773,4,122.0,2664,LOKHRA
1774,2,42.0,821,LAKHIMI NAGAR
1775,3,80.1,1085,MANPARA
1776,3,45.0,645,JALUKBARI
1777,3,57.5,920,CHANDMARI
1778,3,60.0,1024,RUKMINI GAON
1779,3,62.0,1100,BELTOLA
1780,2,28.0,660,AMBARI
1781,2,49.2,703,JALUKBARI
1782,3,66.0,913,JALUKBARI
1783,3,72.0,1380,BELTOLA
1784,1,33.7,624,BORMOTORIA
1785,2,64.2,1188,BORMOTORIA
1786,2,60.4,1119,BORMOTORIA
1787,2,53.6,890,BHETAPARA
1788,3,72.8,1150,BHETAPARA
1789,3,70.0,1350,KAHILIPARA
1790,2,45.0,800,GUWAHATI
1791,3,96.2,1882,KAHILIPARA
1792,3,70.0,1350,KAHILIPARA
1793,3,102.0,1648,RUPNAGAR
1794,2,48.0,784,LAKHIMI NAGAR
1795,3,46.0,1200,MALIGAON CHARIALI
1796,3,100.0,1604,RUPNAGAR
1797,3,55.0,1000,SIX MILE
1798,3,102.0,1648,RUPNAGAR
1799,3,100.0,1604,RUPNAGAR
1800,2,52.0,1050,BAKARAPARA
1801,3,76.2,953,BELTOLA
1802,4,180.0,2130,BHETAPARA
1803,3,55.0,1150,DOWNTOWN
1804,3,92.0,1314,SARABBHATI
1805,3,78.0,1650,RUKMINI GAON
1806,2,64.2,1188,BORMOTORIA
1807,3,77.6,1437,BORMOTORIA
1808,3,77.3,1431,BORMOTORIA
1809,3,114.99999999999999,2145,BORMOTORIA
1810,3,98.6,1826,BORMOTORIA
1811,3,92.6,1714,BORMOTORIA
1812,3,87.8,1626,BORMOTORIA
1813,3,92.6,1714,BORMOTORIA
1814,3,77.3,1431,BORMOTORIA
1815,4,108.0,2004,BORMOTORIA
1816,3,90.0,1280,ZOO ROAD
1817,3,37.9,894,DHARAPUR
1818,3,40.8,995,DHARAPUR
1819,3,44.3,1007,DHARAPUR
1820,3,42.5,1013,DHARAPUR
1821,3,49.1,1183,DHARAPUR
1822,3,48.1,1190,DHARAPUR
1823,3,53.1,1222,DHARAPUR
1824,3,52.8,1277,DHARAPUR
1825,3,60.0,1000,PANJABARI
1826,3,51.8,1178,BHASKAR NAGAR
1827,1,19.2,433,DHARAPUR
1828,2,28.5,680,DHARAPUR
1829,2,36.7,886,DHARAPUR
1830,2,43.3,1008,DHARAPUR
1831,2,41.8,955,DHARAPUR
1832,2,41.4,1011,DHARAPUR
1833,2,47.3,1081,DHARAPUR
1834,3,46.9,1097,DHARAPUR
1835,3,44.8,1100,DHARAPUR
1836,3,51.5,1183,DHARAPUR
1837,3,48.6,1185,DHARAPUR
1838,3,52.2,1277,DHARAPUR
1839,3,42.6,967,DHARAPUR
1840,3,65.0,1200,PANJABARI
1841,2,46.7,900,DHIRENPARA
1842,3,47.0,980,PANJABARI
1843,3,48.0,895,JALUKBARI
1844,3,65.9,1076,HATIGAON
1845,3,70.0,1150,DISPUR
1846,3,79.0,1200,DISPUR
1847,2,61.6,850,PANJABARI
1848,3,105.0,1500,GANESHGURI
1849,3,82.5,1650,BIRUBARI
1850,3,55.0,1140,PANDU
1851,4,62.0,1400,MALIGAON
1852,3,40.0,800,PANDU
1853,3,60.0,1100,KAHILIPARA
1854,3,70.4,949,MANPARA
1855,3,53.6,1260,BASISTHA
1856,3,88.5,1200,AMBIKAGIRINAGAR
1857,2,46.0,900,BHETAPARA
1858,3,79.3,1066,NALAPARA
1859,2,32.0,703,DHARAPUR
1860,3,81.2,1069,NALAPARA
1861,2,49.8,711,JALUKBARI
1862,3,53.1,1361,JALUKBARI
1863,3,51.4,1317,JALUKBARI
1864,3,51.8,1329,JALUKBARI
1865,3,52.8,1353,JALUKBARI
1866,3,53.0,1358,JALUKBARI
1867,2,36.0,900,CHANDMARI
1868,2,62.0,1220,GHORAMARA
1869,2,52.4,1035,JALUKBARI
1870,2,61.5,950,BELTOLA
1871,2,55.0,1040,LAL GANESH
1872,3,65.0,1100,BELTOLA
1873,3,55.0,1200,RUKMINI GAON
1874,3,70.6,838,PANJABARI
1875,3,118.0,1920,RUPNAGAR
1876,3,119.0,1933,RUPNAGAR
1877,3,57.1,1190,KAHILIPARA
1878,3,80.0,1200,SIX MILE
1879,3,118.0,1920,RUPNAGAR
1880,4,141.0,2301,RUPNAGAR
1881,3,72.0,1250,SIX MILE
1882,3,72.6,953,NALAPARA
1883,3,66.0,853,NALAPARA
1884,2,45.0,750,NAYANPUR
1885,3,70.4,1370,BELTOLA
1886,3,68.0,1050,BELTOLA
1887,2,40.0,1125,PANJABARI
1888,3,62.0,1100,NAYANPUR
1889,3,70.3,1061,PANJABARI
1890,4,138.0,2256,RUPNAGAR
1891,3,90.0,1800,DOWNTOWN
1892,2,40.0,850,GUWAHATI
1893,3,95.0,1300,BELTOLA
1894,4,150.0,2200,BELTOLA
1895,3,42.0,808,PRAGJYOTISH NAGAR
1896,3,65.0,896,TETELIA
1897,2,44.0,856,MALIGAON
1898,2,26.0,960,AZARA
1899,4,140.0,2000,KAHILIPARA
1900,2,46.0,741,JALUKBARI
1901,2,65.0,1214,SILPUKHURI
1902,3,55.3,835,LOKHRA
1903,4,107.0,1805,SARUSAJAI
1904,3,62.1,1111,SARUSAJAI
1905,2,47.8,856,SARUSAJAI
1906,3,68.0,1357,LALMATI
1907,2,42.0,1060,MALIGAON
1908,3,67.8,1270,BELTOLA
1909,2,55.0,800,ZOO ROAD
1910,3,45.0,1000,AZARA
1911,3,63.5,1270,PANJABARI
1912,3,70.0,1200,DWARAKA NAGAR
1913,2,35.0,750,SIJUBARI
1914,2,44.0,1155,SARUSAJAI
1915,3,78.3,1040,BELTOLA
1916,3,55.0,838,DHARAPUR
1917,3,64.9,1330,JALUKBARI
1918,2,47.7,793,DATALPARA
1919,2,70.9,1176,GANESHGURI
1920,2,34.0,850,DHARAPUR
1921,3,60.3,1340,BHETAPARA
1922,2,25.0,800,MALIGAON
1923,2,35.0,700,DHIRENPARA
1924,2,41.4,690,JALUKBARI
1925,2,43.0,700,BHETAPARA
1926,3,67.2,955,KAHILIPARA
1927,3,71.5,1014,KAHILIPARA
1928,3,70.0,1175,ADABARI
1929,2,30.0,1036,DHIRENPARA
1930,3,45.0,850,LAL GANESH
1931,2,50.0,950,HATIGAON
1932,2,36.0,624,HATIGAON
1933,2,46.0,732,SIX MILE
1934,2,36.9,999,DHARAPUR
1935,3,82.1,1500,VIP ROAD
1936,2,45.0,1050,SARABBHATI
1937,3,83.7,1094,NALAPARA
1938,3,51.7,1325,JALUKBARI
1939,3,52.1,1337,JALUKBARI
1940,2,32.5,760,REHABARI
1941,3,80.4,1380,RAJGARH ROAD
1942,2,55.0,850,TETELIA
1943,2,35.0,700,DHIRENPARA
1944,2,36.0,1000,BASISTHA
1945,2,65.0,1134,PANDU
1946,2,45.6,638,JALUKBARI
1947,3,42.0,950,LOKHRA
1948,3,66.0,1180,DISPUR
1949,4,160.0,2000,ATHGAON
1950,3,54.8,990,GS ROAD
1951,2,39.0,800,KAHIKUCHI
1952,2,125.0,1600,KHARGHULI HILLS
1953,3,72.0,1100,BELTOLA
1954,2,52.5,780,BELTOLA
1955,3,55.0,1300,GUWAHATI
1956,2,41.5,854,JALUKBARI
1957,3,45.0,900,BHETAPARA
1958,3,68.0,1000,REHABARI
1959,3,52.0,1200,NALAPARA
1960,3,104.0,2326,BELTOLA
1961,3,85.5,1700,KAHILIPARA
1962,1,8.0,188,KAHILIPARA
1963,3,60.0,1250,PANJABARI
1964,3,82.7,1590,BHETAPARA
1965,3,68.6,1350,KAHILIPARA
1966,3,48.4,750,JALUKBARI
1967,3,90.0,1450,ULUBARI
1968,3,38.6,820,AZARA
1969,3,83.0,1045,BORSOJAI
1970,2,65.0,1250,KALA PAHAR
1971,3,72.0,1216,ADABARI
1972,2,39.0,922,GHORAMARA
1973,3,74.0,1500,VIP ROAD
1974,3,48.0,1000,PANJABARI
1975,3,55.0,1000,GANDHI BASTI
1976,3,67.5,1004,JAYANAGAR
1977,3,80.0,1210,LANKESHWAR
1978,2,30.0,633,DISPUR
1979,2,40.7,970,DISPUR
1980,2,45.0,900,ADABARI
1981,2,45.0,1050,JALUKBARI
1982,3,47.0,755,DHARAPUR
1983,3,60.5,834,DHARAPUR
1984,3,60.0,1044,JAYANAGAR
1985,3,60.0,1100,HENGRABARI
1986,2,50.0,900,HENGRABARI
1987,2,22.0,800,SAWKUCHI
1988,3,114.99999999999999,1200,LALMATI
1989,2,80.0,1250,GUWAHATI
1990,3,55.9,850,LALMATI
1991,3,60.0,1452,GUWAHATI
1992,3,53.9,777,JALUKBARI
1993,2,55.2,732,BELTOLA
1994,2,31.0,849,DHARAPUR
1995,3,40.0,1182,DHARAPUR
1996,3,48.1,1375,KAHILIPARA
1997,3,33.0,645,DHARAPUR
1998,3,120.0,1949,RUPNAGAR
1999,3,118.0,1914,RUPNAGAR
2000,3,119.0,1933,RUPNAGAR
2001,3,53.0,1048,PRAGJYOTISH NAGAR
2002,4,138.0,2256,RUPNAGAR
2003,4,141.0,2301,RUPNAGAR
2004,2,39.0,830,BARSAPARA
2005,2,50.0,980,BELTOLA
2006,3,74.5,991,NALAPARA
2007,3,75.0,951,DISPUR
2008,3,60.0,1150,PANJABARI
2009,2,33.0,650,KAHILIPARA
2010,3,53.0,1000,VIP ROAD
2011,3,51.1,1089,JALUKBARI
2012,3,83.0,1463,BORSOJAI
2013,4,137.0,2180,BHANGAGARH
2014,2,55.0,1175,SIX MILE
2015,2,46.2,1123,JYOTIKUCHI
2016,3,55.0,1080,LAL GANESH
2017,3,77.9,1320,BHANGAGARH
2018,3,68.9,941,KHANAPARA
2019,3,60.8,1350,KAHILIPARA
2020,3,76.5,1700,KAHILIPARA
2021,2,55.0,1200,ULUBARI
2022,3,54.1,1144,GOTANAGAR
2023,3,72.0,876,HATIGAON
2024,4,110.00000000000001,1550,KAHILIPARA
2025,3,77.9,1320,BHANGAGARH
2026,3,45.0,1000,LOKHRA
2027,3,66.0,1000,BHANGAGARH
2028,2,42.4,707,BAGHARBARI
2029,3,55.3,870,GARCHUK
2030,3,52.1,868,BAGHARBARI
2031,3,57.8,876,LOKHRA
2032,3,58.2,884,LOKHRA
2033,2,55.1,1125,PANJABARI
2034,3,74.4,1371,BELTOLA
2035,2,59.1,832,BELTOLA
2036,3,61.5,1446,SARUSAJAI
2037,3,68.0,1651,LOKHRA
2038,3,57.7,905,PANJABARI
2039,4,1005.0000000000001,1600,ZOO ROAD
2040,3,65.5,858,PANJABARI
2041,3,55.0,1300,SIX MILE
2042,1,21.1,587,LOKHRA
2043,4,114.99999999999999,1828,BORSOJAI
2044,2,65.0,1214,SILPUKHURI
2045,3,54.8,960,BELTOLA
2046,1,24.0,534,KHANAPARA
2047,4,105.0,1900,ZOO TINIALI
2048,2,40.0,889,KHANAPARA
2049,3,50.0,1100,KHANAPARA
2050,3,54.0,1194,KHANAPARA
2051,3,55.0,1204,KHANAPARA
2052,3,66.2,1278,KHANAPARA
2053,3,47.0,1370,JAYANAGAR
2054,3,66.3,853,PANJABARI
2055,3,66.9,1293,KHANAPARA
2056,3,69.2,1338,KHANAPARA
2057,3,69.9,1352,KHANAPARA
2058,2,58.5,780,BELTOLA
2059,1,35.1,665,JALUKBARI
2060,1,36.3,690,JALUKBARI
2061,2,47.6,925,JALUKBARI
2062,2,48.3,940,JALUKBARI
2063,2,48.7,950,JALUKBARI
2064,3,92.0,2000,GUWAHATI
2065,2,41.7,1043,MALIGAON
2066,3,78.0,1300,CHRISTIAN BASTI
2067,3,105.0,1570,GUWAHATI
2068,4,90.0,1450,AMBIKAGIRINAGAR
2069,4,105.0,1400,NARIKAL BARI
2070,2,51.9,1020,JALUKBARI
2071,2,52.5,1035,JALUKBARI
2072,2,53.2,1050,JALUKBARI
2073,3,55.7,1100,JALUKBARI
2074,3,64.2,1290,JALUKBARI
2075,3,65.9,1330,JALUKBARI
2076,3,70.0,1420,JALUKBARI
2077,1,24.0,540,KHANAPARA
2078,2,40.0,800,KAHILIPARA
2079,3,74.4,1369,BELTOLA
2080,3,45.1,1252,LOKHRA
2081,3,50.1,1100,KHANAPARA
2082,3,54.1,1194,KHANAPARA
2083,3,55.1,1204,KHANAPARA
2084,3,45.0,850,SIX MILE
2085,2,36.1,1003,LOKHRA
2086,3,58.9,1280,LALMATI
2087,3,55.0,1000,SIX MILE
2088,3,63.9,1310,VIP ROAD
2089,3,53.1,853,LANKESHWAR
2090,3,38.0,700,KAHIKUCHI
2091,3,68.1,1393,KAHILIPARA
2092,3,70.7,1437,KAHILIPARA
2093,2,56.4,698,KAHILIPARA
2094,2,45.9,644,JALUKBARI
2095,3,67.0,1293,KHANAPARA
2096,3,69.2,1338,KHANAPARA
2097,3,70.0,1290,CHANDMARI
2098,4,95.9,1869,KHANAPARA
2099,3,69.9,1352,KHANAPARA
2100,3,82.2,1597,KHANAPARA
2101,3,48.1,920,SATGAON
2102,3,83.1,1614,KHANAPARA
2103,3,85.0,1300,VIP ROAD
2104,2,52.2,1015,KAHILPARA
2105,2,52.8,1029,KAHILPARA
2106,3,67.0,1344,KAHILPARA
2107,3,68.7,1383,KAHILPARA
2108,3,75.1,1525,KAHILPARA
2109,3,47.0,960,JALUKBARI
2110,3,67.0,1000,CHANDMARI
2111,3,75.4,1530,KAHILPARA
2112,3,75.8,1540,KAHILPARA
2113,3,49.0,920,LAL GANESH
2114,2,47.3,1050,GHORAMARA
2115,3,66.0,1100,LACHIT NAGAR
2116,4,100.0,2400,CHANDMARI
2117,3,67.0,1375,VIP ROAD
2118,2,53.8,800,PATOR KUCHI
2119,3,54.8,1174,PANJABARI
2120,2,40.7,860,PANJABARI
2121,3,53.8,1222,BETKUCHI
2122,3,49.0,1114,BETKUCHI
2123,3,90.7,1930,BETKUCHI
2124,3,60.5,1210,BETKUCHI
2125,3,54.0,1280,KAHILIPARA
2126,3,53.0,1000,KAHILIPARA
2127,3,55.0,1249,BETKUCHI
2128,3,170.0,2900,BELTOLA
2129,3,53.8,1222,BETKUCHI
2130,3,90.8,1930,BETKUCHI
2131,4,132.0,2646,BETKUCHI
2132,4,132.0,2646,BETKUCHI
2133,3,67.5,1265,BAGHARBARI
2134,2,38.3,850,KAHILIPARA
2135,2,48.0,700,KAMAKHYA NAGAR
2136,2,32.0,43,DHARAPUR
2137,3,52.0,1000,HATIGAON
2138,3,60.0,1100,VIP ROAD
2139,3,67.7,1353,KHANAPARA
2140,3,71.2,1582,DHIRENPARA
2141,3,85.8,1650,BIRUBARI
2142,3,74.2,1400,LALMATI
2143,3,95.0,1320,KALA PAHAR
2144,3,55.5,1050,VIP ROAD
2145,2,38.3,850,SIX MILE
2146,3,92.0,1240,GUWAHATI
2147,1,23.4,498,BETKUCHI
2148,2,37.9,861,BETKUCHI
2149,2,37.9,861,BETKUCHI
2150,3,55.0,1249,BETKUCHI
2151,3,50.0,1020,GANDHI BASTI
2152,4,91.2,2263,LOKHRA
2153,3,99.4,1775,GANESHGURI
2154,3,84.0,1250,BASISTHA
2155,3,52.0,966,BARSAPARA
2156,3,78.0,1325,PATOR KUCHI
2157,2,58.2,1163,LAL GANESH
2158,2,52.3,1045,BELTOLA
2159,3,63.5,1270,BELTOLA
2160,3,70.0,1357,BORSOJAI
2161,3,88.2,1521,RAJGARH ROAD
2162,3,35.0,800,MALIGAON
2163,3,63.6,1380,KAHILIPARA
2164,4,70.6,1411,LAL GANESH
2165,2,42.6,1120,JALUKBARI
2166,3,49.4,1300,JALUKBARI
2167,3,65.0,1400,RUKMINI GAON
2168,2,43.7,600,PATOR KUCHI
2169,2,38.6,1015,JALUKBARI
2170,2,45.0,1000,BORBARI
2171,2,39.1,911,KHANAPARA
2172,4,95.0,1700,DOWNTOWN
2173,3,55.0,950,SIX MILE
2174,2,40.0,800,BHETAPARA
2175,2,49.3,660,BHANGAGARH
2176,2,35.0,850,MALIGAON
2177,2,35.0,700,LAL GANESH
2178,3,114.99999999999999,1400,SIX MILE
2179,3,44.1,1158,KHANAPARA
2180,3,65.0,1000,DOWNTOWN
2181,2,28.0,600,HATIGAON
2182,2,39.6,880,GARCHUK
2183,3,65.0,1000,HENGRABARI
2184,3,72.1,1030,BELTOLA
2185,4,220.00000000000003,2016,RUPNAGAR
2186,2,34.0,680,ODALBAKRA
2187,3,64.0,955,PANJABARI
2188,3,55.0,1010,JALUKBARI
2189,4,174.0,2687,BELTOLA
2190,2,33.0,800,GUWAHATI
2191,3,70.0,1100,ZOO ROAD
2192,3,49.5,1337,JALUKBARI
2193,2,26.0,1000,KAHILIPARA
2194,2,39.1,911,KHANAPARA
2195,3,44.5,1201,KHANAPARA
2196,3,44.6,1201,KHANAPARA
2197,3,44.6,1201,KHANAPARA
2198,3,44.0,1158,KHANAPARA
2199,3,44.1,1158,KHANAPARA
2200,3,70.0,1260,PANDU
2201,3,83.4,1525,KAHILIPARA
2202,2,60.0,850,SURVEY
2203,2,59.0,1200,SARUSAJAI
2204,2,52.5,950,BHETAPARA
2205,3,60.5,1150,VIP ROAD
2206,3,45.0,1000,JYOTIKUCHI
2207,2,31.0,900,DISPUR
2208,2,36.2,812,NOONMATI
2209,3,57.9,890,ADABARI
2210,3,75.0,1312,DHARAPUR
2211,4,90.0,2400,GOTANAGAR
2212,3,74.1,1484,BELTOLA
2213,3,67.0,1000,PALTAN BAZAAR
2214,2,48.8,1161,KAHILIPARA
2215,2,50.0,640,LOKHRA
2216,3,75.0,2500,LOKHRA
2217,2,43.2,900,BELTOLA
2218,3,67.7,969,BHETAPARA
2219,3,65.0,1100,BELTOLA
2220,2,55.0,1180,GEETANAGAR
2221,3,75.0,1140,BHANGAGARH
2222,3,100.0,1378,GS ROAD
2223,3,95.0,955,KAHILPARA
2224,3,58.8,1306,GARCHUK
2225,3,46.9,835,JALUKBARI
2226,3,55.7,761,JALUKBARI
2227,3,56.5,1195,GANESHGURI
2228,3,70.3,1070,BAMUNIMAIDAM
2229,2,50.0,760,LACHIT NAGAR
2230,2,36.0,650,GOTANAGAR
2231,2,42.0,800,HATIGAON
2232,2,45.0,620,HATIGAON
2233,2,72.0,838,BORSOJAI
2234,3,59.8,882,BELTOLA
2235,3,69.0,1456,VIP ROAD
2236,3,88.0,1350,BELTOLA
2237,2,51.0,914,KAHILIPARA
2238,3,148.0,2188,ZOO ROAD
2239,3,55.0,895,JALUKBARI
2240,2,55.0,850,BELTOLA
2241,1,23.4,498,BETKUCHI
2242,3,88.0,1600,SIX MILE
2243,2,55.0,973,KAHILIPARA
2244,3,46.0,1050,GOTANAGAR
2245,3,72.1,1067,BELTOLA
2246,3,83.4,1529,KAHILIPARA
2247,3,63.0,1400,SIX MILE
2248,2,43.0,870,GOTANAGAR
2249,2,53.0,900,LAL GANESH
2250,2,49.7,994,KAHILIPARA
2251,2,52.3,1028,KAHILIPARA
2252,3,95.0,1500,BHETAPARA
2253,3,50.0,882,LAL GANESH
2254,3,61.0,1311,SIX MILE
2255,3,60.0,1050,GHORAMARA
2256,3,61.2,895,BELTOLA
2257,3,63.4,819,PANJABARI
2258,3,62.0,915,PANJABARI
2259,2,56.8,904,GEETANAGAR
2260,2,52.8,1056,KHANAPARA
2261,2,55.1,1002,ZOO ROAD
2262,3,49.0,1000,PANJABARI
2263,4,74.7,1661,KAHILIPARA
2264,2,45.0,900,DOWNTOWN
2265,3,48.0,1000,BELTOLA
2266,3,60.9,1449,KAHILIPARA
2267,3,45.0,1050,JANAKPUR
2268,3,98.5,1058,RUKMINI GAON
2269,3,49.0,1114,BETKUCHI
2270,3,60.5,1210,BETKUCHI
2271,2,37.0,850,SATGAON
2272,3,50.0,1100,SATGAON
2273,3,45.0,1000,SATGAON
2274,2,42.0,980,KAHILIPARA
2275,2,50.7,860,BHANGAGARH
2276,3,61.8,948,ULUBARI
2277,2,58.8,1130,BIRUBARI
2278,3,105.0,1681,KAHILPARA
2279,3,52.0,1055,JALUKBARI
2280,3,50.0,1200,SIX MILE
2281,3,66.2,1278,KHANAPARA
2282,2,58.2,1140,BELTOLA
2283,3,68.0,900,DISPUR
2284,3,60.0,1100,CHANDMARI
2285,4,170.0,2880,BELTOLA
2286,3,60.0,1510,NARENGI TINALI
2287,3,75.0,1400,RUKMINI GAON
2288,3,50.0,1280,PATHAR QUARRY
2289,6,195.0,2700,GUWAHATI
2290,1,23.7,453,JALUKBARI
2291,4,74.3,1069,KAHILIPARA
2292,3,53.9,782,KAHILIPARA
2293,3,51.8,949,JALUKBARI
2294,2,40.8,795,JALUKBARI
2295,2,41.6,741,JALUKBARI
2296,2,40.7,872,KAHILIPARA
2297,2,33.8,685,LOKHRA
2298,3,45.3,918,LOKHRA
2299,3,56.6,1011,DOWNTOWN
2300,1,19.2,320,DOWNTOWN
2301,2,40.8,780,DOWNTOWN
2302,3,52.5,861,LOKHRA ROAD
2303,2,48.2,738,BHASKAR NAGAR
2304,4,69.9,1080,BHASKAR NAGAR
2305,3,59.4,929,BHASKAR NAGAR
2306,1,18.5,300,BARSAPARA
2307,3,60.8,1015,HATIGAON
2308,2,48.5,730,ULUBARI
2309,3,59.6,1018,LAKHIMI NAGAR
2310,3,63.6,1158,HATIGAON
2311,3,52.7,980,HATIGAON
2312,3,60.6,1090,HATIGAON
2313,2,33.5,700,JYOTIKUCHI
2314,1,16.9,350,JYOTIKUCHI
2315,2,29.2,670,JYOTIKUCHI
2316,1,18.2,380,JYOTIKUCHI
2317,2,44.6,793,LAL GANESH
2318,2,43.0,764,LAL GANESH
2319,2,39.7,706,LAL GANESH
2320,3,51.8,980,BHASKAR NAGAR
2321,2,44.4,825,BHASKAR NAGAR
2322,3,53.3,1110,SAWKUCHI
2323,2,37.4,661,BIRUBARI
2324,3,51.6,834,LOKHRA
2325,2,37.2,700,LOKHRA
2326,3,55.0,1400,AZARA
2327,3,118.0,1914,RUPNAGAR
2328,3,120.0,1949,RUPNAGAR
2329,4,90.0,1545,GANESHGURI
2330,2,39.0,911,KHANAPARA
2331,3,57.8,1445,JYOTI NAGAR
2332,3,73.9,1355,MANPARA
2333,3,80.3,1495,MANPARA
2334,4,155.0,1700,REHABARI
2335,3,75.0,1280,VIP ROAD
2336,3,65.8,1170,KAHILIPARA
2337,3,56.1,980,DHIRENPARA
2338,3,69.6,1217,DHIRENPARA
2339,2,46.2,886,PANJABARI
2340,3,67.0,1210,PANJABARI
2341,3,104.0,1613,ATHGAON
2342,3,65.0,900,VIP ROAD
2343,3,98.5,1440,RUKMINI GAON
2344,3,55.0,1038,JALUKBARI
2345,3,37.0,924,KAHIKUCHI
2346,3,42.2,945,DHARAPUR
2347,2,28.1,695,KAHIKUCHI
2348,3,46.6,1068,KAHIKUCHI
2349,3,47.0,934,DHARAPUR
2350,2,32.5,708,DHARAPUR
2351,2,33.2,683,KAHIKUCHI
2352,3,40.9,935,DHARAPUR
2353,2,27.3,640,KAHIKUCHI
2354,3,38.8,797,DHARAPUR
2355,3,42.7,1052,KAHIKUCHI
2356,2,36.0,708,DHARAPUR
2357,2,27.4,585,KAHIKUCHI
2358,3,52.5,1250,LOKHRA ROAD
2359,2,59.9,1248,GS ROAD
2360,2,39.0,1000,BASISTHA
2361,3,67.4,1170,NALAPARA
2362,2,49.4,720,SIX MILE
2363,3,65.1,1065,LALMATI
2364,2,35.0,800,LANKESHWAR
2365,2,40.0,710,NOONMATI
2366,3,58.3,1056,DHARAPUR
2367,3,63.6,851,BHANGAGARH
2368,2,34.7,913,LOKHRA
2369,2,52.0,1020,BHETAPARA
2370,2,55.0,943,HATIGAON
2371,3,85.0,1700,ZOO ROAD
2372,3,50.6,1100,BARSAPARA
2373,3,62.7,829,HATIGAON
2374,3,80.0,1240,CHANDMARI
2375,3,48.2,1203,LANKESHWAR
2376,3,31.9,840,AHOM GAON
2377,3,49.5,1250,BETKUCHI
2378,3,51.5,1125,DAKHINGAON
2379,3,58.4,1254,HENGRABARI
2380,3,56.0,1200,KALA PAHAR
2381,4,90.2,1800,NARIKAL BARI
2382,3,94.7,987,KUMARPARA
2383,3,59.3,899,GARCHUK
2384,4,127.0,1877,KALA PAHAR
2385,2,50.7,736,BELTOLA
2386,3,50.0,1023,DWARAKA NAGAR
2387,3,77.5,1240,BELTOLA
2388,3,70.0,974,BAMUNIMAIDAM
2389,2,54.0,610,UZAN BAZAR
2390,3,83.1,1005,ZOO ROAD
2391,3,51.8,909,JALUKBARI
2392,3,42.1,584,JALUKBARI
2393,3,86.2,1022,DISPUR
2394,3,74.0,909,BELTOLA
2395,3,59.2,924,GOTANAGAR
2396,3,89.9,1136,LAL GANESH
2397,3,68.3,890,ADABARI
2398,3,78.3,1036,UZAN BAZAR
2399,3,62.3,852,JALUKBARI
2400,3,73.5,965,ZOO ROAD
2401,3,68.3,973,GANESHGURI
2402,3,52.0,755,MALIGAON
2403,3,51.4,989,BIRUBARI
2404,3,76.2,1354,GEETANAGAR
2405,4,126.0,2353,GEETANAGAR
2406,3,57.8,1242,GANESHPARA
2407,3,74.6,1440,PANJABARI
2408,3,74.7,1494,ZOO ROAD
2409,3,74.7,1493,ZOO ROAD
2410,3,72.0,1500,LAL GANESH
2411,3,72.0,1500,LAL GANESH
2412,3,53.0,1315,JYOTIKUCHI
2413,3,52.0,1291,JYOTIKUCHI
2414,3,48.0,1185,JYOTIKUCHI
2415,2,42.0,1021,JYOTIKUCHI
2416,4,95.1,1868,KHANAPARA
2417,2,60.0,720,REHABARI
2418,3,47.6,1252,GARCHUK
2419,3,83.4,1525,KAHILIPARA
2420,2,86.6,1369,ZOO ROAD
2421,3,69.9,1308,BELTOLA
2422,3,77.2,1103,DISPUR
2423,2,42.9,647,JALUKBARI
2424,3,41.6,643,LANKESHWAR
2425,3,74.5,878,BIRUBARI
2426,3,70.5,831,JATIA
2427,3,68.6,928,SIX MILE
2428,3,119.0,1175,ULUBARI
2429,3,81.2,1429,KAHILPARA
2430,3,61.3,793,BEHARBARI CHARIALI
2431,3,95.0,955,ADABARI
2432,3,75.4,855,SIX MILE
2433,3,146.0,1262,ZOO ROAD
2434,3,45.9,851,DHIRENPARA
2435,3,55.9,974,JALUKBARI
2436,1,20.8,362,JALUKBARI
2437,3,52.0,1250,DHARAPUR
2438,3,55.0,1300,GHORAMARA
2439,3,55.0,1300,GHORAMARA
2440,2,45.6,912,KAHILIPARA
2441,2,33.6,661,JYOTIKUCHI
2442,3,55.6,980,LOKHRA ROAD
2443,3,45.4,843,GANDHI BASTI
2444,2,36.4,675,GANDHI BASTI
2445,3,55.1,955,KALA PAHAR
2446,3,56.2,973,KALA PAHAR
2447,2,34.3,602,BELTOLA
2448,3,63.6,989,PANJABARI
2449,3,57.4,877,BISHNUPUR
2450,3,45.7,866,DAKHINGAON
2451,3,53.9,1100,SIX MILE
2452,3,43.8,793,JYOTIKUCHI
2453,2,35.2,656,JYOTIKUCHI
2454,2,43.5,782,PANJABARI
2455,2,38.7,720,GANDHI BASTI
2456,2,45.5,698,ADABARI
2457,3,75.0,1140,LACHIT NAGAR
2458,3,64.3,1100,BAGHARBARI
2459,3,45.3,1245,NALAPARA
2460,3,52.0,900,LAL GANESH
2461,2,49.0,710,NOONMATI
2462,2,53.6,890,HATIGAON
2463,3,72.8,1185,HATIGAON
2464,3,72.8,1180,BELTOLA
2465,2,53.6,890,BELTOLA
2466,3,66.3,1020,BELTOLA
2467,3,65.0,1200,BAMUNIMAIDAM
2468,2,51.4,922,JATIA
2469,2,41.2,741,ODALBAKRA
2470,2,42.1,709,ODALBAKRA
2471,3,54.5,1000,LAL GANESH
2472,2,51.8,920,LOKHRA
2473,3,63.8,1074,BAMUNIMAIDAM
2474,3,87.8,1170,BHETAPARA
2475,3,59.8,1088,KAHILIPARA
2476,3,53.0,952,JANAKPUR
2477,3,69.3,951,VIP ROAD
2478,3,86.9,996,KHARGHULI HILLS
2479,4,126.0,1440,GEETANAGAR
2480,3,94.1,1420,ZOO ROAD
2481,3,50.7,1126,KHANAPARA
2482,3,49.5,920,MALIGAON
2483,3,96.6,1103,CHANDMARI
2484,2,38.9,738,LAL GANESH
2485,2,39.0,781,SIX MILE
2486,4,241.0,3425,REHABARI
2487,3,85.4,1289,CHANDMARI
2488,3,71.6,1168,JYOTI NAGAR
2489,3,65.0,1143,GUWAHATI
2490,3,42.5,1053,AZARA
2491,3,103.0,1348,UZAN BAZAR
2492,3,53.1,1328,AHOM GAON
2493,5,169.0,2778,BHANGAGARH
2494,3,65.7,1051,NAYANPUR
2495,3,68.8,1188,BELTOLA
2496,3,53.1,1328,GARCHUK
2497,3,53.0,900,KHANAPARA
2498,3,49.5,1175,AHOM GAON
2499,3,67.6,1463,BORSOJAI
2500,2,38.1,890,GARCHUK
2501,3,51.0,1330,AHOM GAON
2502,3,85.0,1583,GANESHGURI
2503,2,36.0,950,AHOM GAON
2504,3,70.56,1470,HENGRABARI
2505,3,56.0,1317,LOKHRA
2506,3,78.0,1425,LACHIT NAGAR
2507,3,55.0,1170,LALMATI
2508,2,45.0,1000,LALMATI
2509,3,90.0,1650,NARENGI TINALI
2510,6,250.0,5480,BAMUNIMAIDAM
2511,3,45.56,1114,AHOM GAON
2512,3,42.64,1040,JALUKBARI
2513,3,56.3,1320,KAHILIPARA
2514,4,122.0,1880,ZOO TINIALI
2515,2,43.0,1020,GHORAMARA
2516,3,55.0,1500,BARSAPARA
2517,3,58.8,1400,KAHILIPARA
2518,2,42.0,1050,ULUBARI
2519,3,47.0,913,DHARAPUR
2520,2,34.44,861,AHOM GAON
2521,3,49.96,1249,AHOM GAON
2522,4,154.0,2646,JALUKBARI
2523,3,70.0,1320,SARANIA HILLS
2524,3,70.0,1320,ULUBARI
2525,3,97.5,1500,ULUBARI
2526,3,57.0,1250,HATIGAON
2527,3,65.0,1453,SIX MILE
2528,3,67.0,1506,SIX MILE
2529,3,59.0,1413,LOKHRA
2530,3,55.35,1350,KAHILIPARA
2531,3,59.0,1256,GANESHGURI
2532,3,63.0,1045,SATGAON
2533,3,65.0,1388,BHETAPARA
2534,3,88.0,1400,BELTOLA
2535,2,32.0,700,DISPUR
2536,1,22.05,630,AZARA
2537,3,62.1,1380,KAHILIPARA
2538,3,60.65,1213,ZOO TINIALI
2539,3,55.13,1137,BELTOLA
2540,3,61.57,1310,CHANDMARI
2541,3,51.87,1365,JALUKBARI
2542,3,73.0,1325,BELTOLA
2543,3,52.5,1250,LAL GANESH
2544,2,38.11,886,KAHILIPARA
2545,2,49.5,1100,GEETANAGAR
2546,3,58.36,1191,KALA PAHAR
2547,3,72.0,1300,HATIGAON
2548,2,53.74,1014,CHANDMARI
2549,2,42.75,900,BARSAPARA
2550,3,68.83,1147,BELTOLA
2551,2,54.0,1200,SARUSAJAI
2552,3,53.78,1195,SARUMOTORIA
2553,2,43.2,950,BASISHTA
2554,3,72.81,1583,HENGRABARI
2555,2,43.04,1001,NAYANPUR
2556,3,51.98,1155,HENGRABARI
2557,3,68.0,1450,GANESHGURI
2558,4,77.5,1350,KAHILIPARA
2559,3,59.5,1150,KAHILIPARA
2560,2,48.33,1124,SIX MILE
2561,2,68.1,1362,BELTOLA
2562,3,1.5,2000,PALTAN BAZAAR
2563,2,7.0,1380,SIX MILE
2564,2,4.5,1050,SIX MILE
2565,5,350.0,6080,KAHILIPARA
2566,5,350.0,3800,KHANAPARA
2567,8,250.0,3000,GHORAMARA
2568,2,45.0,1160,LAL GANESH
2569,8,250.0,4000,HATIGAON
2570,2,5.5,1340,JYOTIKUCHI
2571,2,5.5,1340,UZAN BAZAR
2572,2,47.0,1023,BELTOLA
2573,4,180.0,3000,BELTOLA
2574,3,62.28,1384,BAGHARBARI
2575,2,5.5,1340,TARUN NAGAR
2576,8,250.0,3500,HATIGAON
2577,3,60.0,1350,CHANDMARI
2578,3,140.0,1560,JYOTIKUCHI
2579,3,63.0,1135,GEETANAGAR
2580,3,140.0,1560,JYOTIKUCHI
2581,3,140.0,1560,JYOTIKUCHI
2582,3,140.0,1580,JYOTIKUCHI
2583,3,75.0,1551,KHANAPARA
2584,2,56.0,1248,BHANGAGARH
2585,4,125.0,2771,KAHILIPARA
2586,4,117.0,2130,BHETAPARA
2587,3,52.47,1166,AZARA
2588,3,75.0,1430,ULUBARI
2589,3,61.5,1230,SARANIA HILLS
2590,3,130.0,2050,BHANGAGARH
2591,3,50.0,1250,LOKHRA
2592,3,65.0,1500,GHORAMARA
2593,3,71.0,1500,KHANAPARA
2594,3,85.0,1300,LALMATI
2595,3,55.0,1250,JYOTIKUCHI
2596,2,52.0,1100,BARBARI VILLAGE
2597,2,32.0,950,KAHILIPARA
2598,3,135.0,1792,ZOO TINIALI
2599,3,64.0,1510,MATHGHARIA
2600,3,75.0,1500,BASISHTA
2601,3,140.0,2010,FATASIL AMBARI
2602,2,40.0,900,KAHILIPARA
2603,3,85.0,1350,REHABARI
2604,2,4.8,1050,PALTAN BAZAAR
2605,3,135.0,2010,FATASIL AMBARI
2606,2,63.0,1266,LAL GANESH
2607,3,71.0,1490,LAL GANESH
2608,3,55.0,1150,REHABARI
2609,3,68.0,1340,KALA PAHAR
2610,4,500.0,3500,PALTAN BAZAAR
2611,2,9.0,1250,PALTAN BAZAAR
2612,3,5.5,1350,MALIGAON
2613,2,5.0,1000,ATHGAON
2614,3,135.0,1820,FATASIL AMBARI
2615,4,250.0,3000,BHARALUMUKH
2616,2,3.5,850,KALA PAHAR
2617,2,9.6,1500,PALTAN BAZAAR
2618,4,100.0,2000,PALTAN BAZAAR
2619,2,5.5,1150,FATASIL HILLS
2620,2,3.7,1150,KALA PAHAR
2621,3,7.5,1250,PALTAN BAZAAR
2622,2,4.0,1150,KAHILIPARA
2623,3,135.0,1800,FATASIL AMBARI
2624,2,48.38,1152,KAHILIPARA
2625,2,55.0,1200,CHANDMARI
2626,2,56.7,1134,DISPUR
2627,3,75.0,1581,HATIGAON
2628,3,61.02,1356,BAGHARBARI
2629,3,54.0,1200,BAGHARBARI
2630,1,28.0,800,SIX MILE
2631,3,77.0,1350,MATHGHARIA
2632,3,49.01,1181,LOKHRA
2633,2,47.0,990,LALMATI
2634,3,66.0,1300,GHORAMARA
2635,2,37.0,800,RUKMINI GAON
2636,2,35.0,800,LAL GANESH
2637,3,79.0,1550,GANESHGURI
2638,3,62.0,1170,KALA PAHAR
2639,3,140.0,4320,DAKSHINGAON
2640,1,32.5,660,SIX MILE
2641,9,275.0,7200,BELTOLA
2642,4,196.0,3200,BHANGAGARH
2643,3,67.0,1200,REHABARI
2644,2,55.0,1200,LACHIT NAGAR
2645,2,48.0,950,GHORAMARA
2646,1,33.0,650,BHETAPARA
2647,3,50.0,1250,SARUSAJAI
2648,1,27.0,560,LAL GANESH
2649,2,38.0,750,KAHILIPARA
2650,4,105.0,1778,SIX MILE
2651,4,330.0,4300,SIX MILE
2652,2,50.0,1280,HATIGAON
2653,4,140.0,2010,CHANDMARI
2654,3,135.0,2000,FATASIL AMBARI
2655,3,135.0,2000,FATASIL HILLS
2656,3,140.0,1860,FATASIL AMBARI
2657,2,37.0,750,LOKHRA
2658,3,52.85,983,MALIGAON
2659,3,51.0,1150,SARANIA HILLS
2660,2,47.0,1150,NOONMATI
2661,6,225.0,3888,ZOO TINIALI
2662,3,79.0,1550,NOONMATI
2663,3,285.0,7200,BELTOLA
2664,1,32.0,660,SIX MILE
2665,2,74.76,1246,BHETAPARA
2666,3,89.04,1590,BHETAPARA
2667,5,114.99999999999999,5000,GHORAMARA
2668,2,68.69,1321,GEETANAGAR
2669,4,165.0,3600,HENGRABARI
2670,2,46.0,1000,BHANGAGARH
2671,2,43.0,850,PATOR KUCHI
2672,3,75.0,1105,GHORAMARA
2673,2,38.4,960,BASISHTA
2674,3,54.0,1200,KALA PAHAR
2675,2,49.0,1150,LOKHRA
2676,3,72.0,1366,BAMUNIMAIDAM
2677,3,69.85,1117,CHANDMARI
2678,3,56.58,981,ZOO TINIALI
2679,3,46.0,1150,DAKSHINGAON
2680,3,54.2,1355,DAKSHINGAON
2681,1,32.0,790,BIKASH NAGAR
2682,2,64.81,909,CHANDMARI
2683,3,79.0,1565,ZOO TINIALI
2684,5,135.0,3600,SARANIA HILLS
2685,5,130.0,2016,MILAN NAGAR
2686,3,145.0,2050,CHANDMARI
2687,3,77.0,1460,BORBARI
2688,2,60.0,1087,KAHILIPARA
2689,3,52.0,1195,TETELIA
2690,3,49.0,945,AHOM GAON
2691,3,55.0,1360,GARCHUK
2692,3,73.0,1365,HENGRABARI
2693,3,105.0,1855,BORMOTORIA
2694,3,65.0,1450,BORMOTORIA
2695,3,58.56,1220,HATIGAON
2696,3,60.0,1330,KALA PAHAR
2697,2,40.0,700,RBI COLONY
2698,3,105.0,1340,TARUN NAGAR
2699,2,40.0,800,BARSAPARA
2700,3,65.0,1375,HENGRABARI
2701,2,35.0,750,NOONMATI
2702,3,130.0,1705,KHANAPARA
2703,4,90.0,2600,BAMUNIMAIDAM
2704,4,122.0,1850,GEETANAGAR
2705,4,122.0,1860,ZOO TINIALI
2706,2,55.0,950,BELTOLA
2707,3,56.0,1256,LOKHRA
2708,3,110.00000000000001,5000,KAHILIPARA
2709,2,45.0,820,BHANGAGARH
2710,3,98.0,1500,TARUN NAGAR
2711,3,98.0,1800,CHRISTIAN BASTI
2712,3,61.0,1100,SARUMOTORIA
2713,2,47.0,770,LOKHRA
2714,3,58.0,1350,DISPUR
2715,3,73.0,1216,ADABARI
2716,3,65.0,1350,BELTOLA
2717,3,105.0,1700,DISPUR
2718,3,60.0,1200,KAHILIPARA
2719,3,72.0,1506,BAGHARBARI
2720,3,80.0,1280,BELTOLA
2721,4,210.0,2529,ZOO TINIALI
2722,3,62.0,1350,CHANDMARI
2723,3,90.0,1100,LOKHRA
2724,2,62.7,1045,JAPORIGOG
2725,3,62.05,1349,CHANDMARI
2726,4,95.0,1550,ZOO TINIALI
2727,2,55.0,850,BORMOTORIA
2728,2,50.0,834,BASISHTA
2729,3,73.0,1480,TARUN NAGAR
2730,2,65.0,1000,CHRISTIAN BASTI
2731,3,60.0,1400,TETELIA
2732,2,70.0,1200,BHANGAGARH
2733,3,90.0,1200,LACHIT NAGAR
2734,3,65.0,1340,BORMOTORIA
2735,2,50.0,1200,HATIGAON
2736,2,34.0,989,DHARAPUR
2737,3,110.00000000000001,1564,KHANAPARA
2738,2,31.0,750,DISPUR
2739,2,35.0,700,KALA PAHAR
2740,3,105.0,1680,UZAN BAZAR
2741,3,68.18,1165,HATIGAON
2742,3,52.56,1073,KAHILIPARA
2743,3,45.0,1400,MALIGAON
2744,2,43.0,1050,LAL GANESH
2745,2,44.0,1050,KAHILIPARA
2746,3,67.5,1265,BAGHARBARI
2747,3,130.0,2600,BELTOLA
2748,3,130.0,2600,BELTOLA
2749,2,45.5,850,CHANDMARI
2750,3,66.0,1400,SARANIA HILLS
2751,3,67.2,1400,BORMOTORIA
2752,3,75.0,1261,KHANAPARA
2753,3,65.0,1400,KHANAPARA
2754,3,68.0,1325,DISPUR
2755,3,70.0,1440,BAMUNIMAIDAM
2756,3,74.0,1380,GANESHGURI
2757,3,74.0,1400,GANESHGURI
2758,3,72.0,1518,SIX MILE
2759,3,60.0,930,MALIGAON
2760,2,35.0,800,CHANDMARI
2761,3,90.0,1450,ULUBARI
2762,2,45.0,1124,BORBARI
2763,2,45.0,1000,KAHILIPARA
2764,3,70.0,1300,BELTOLA
2765,1,28.0,650,BORMOTORIA
2766,2,45.0,960,BORMOTORIA
2767,4,80.0,1560,SIX MILE
2768,4,75.92,1460,BORMOTORIA
2769,3,67.06,1397,CHANDMARI
2770,3,84.0,1680,GEETANAGAR
2771,3,55.87,1164,LALMATI
2772,2,68.0,1357,LALMATI
2773,3,105.0,1400,DHARAPUR
2774,3,42.0,913,AZARA
2775,3,59.0,1245,BORMOTORIA
2776,3,52.0,1210,MALIGAON
2777,3,75.0,1312,JALUKBARI
2778,3,60.0,1400,KALA PAHAR
2779,3,50.0,1312,JALUKBARI
2780,3,135.0,1792,ZOO TINIALI
2781,4,155.0,2500,DISPUR
2782,5,61.0,2100,BARSAPARA
2783,4,100.0,2200,CHANDMARI
2784,2,40.0,880,LAL GANESH
2785,4,70.0,2042,AZARA
2786,2,52.0,1100,BELTOLA
2787,3,55.0,3000,GHORAMARA
2788,3,68.0,1357,LALMATI
2789,4,150.0,3600,BORJHAR
2790,2,55.0,1200,TARUN NAGAR
2791,4,92.0,2200,HENGRABARI
2792,2,38.0,843,SARUSAJAI
2793,2,38.0,843,SARUSAJAI
2794,2,62.5,1040,KHANAPARA
2795,3,71.0,1340,KHANAPARA
2796,3,78.0,1353,RUKMINI GAON
2797,3,45.0,1500,CHRISTIAN BASTI
2798,9,570.0,6000,RUKMINI GAON
2799,1,21.5,455,LAL GANESH
2800,1,21.5,455,LAL GANESH
2801,3,42.0,1200,KAHILIPARA
2802,2,35.0,800,DHIRENPARA
2803,3,34.98,1060,AZARA
2804,2,28.45,854,DHARAPUR
2805,3,58.0,1400,ULUBARI
2806,2,46.46,1056,LAL GANESH
2807,2,53.1,1180,KHANAPARA
2808,3,68.0,1390,PATHAR QUARRY
2809,3,55.0,1264,BAMUNIMAIDAM
2810,2,51.98,1155,KHANAPARA
2811,3,76.25,1650,KHANAPARA
2812,3,51.75,1150,BORMOTORIA
2813,3,45.38,948,BORJHAR
2814,3,56.38,1170,KAHILIPARA
2815,3,41.53,932,LOKHRA
2816,3,67.72,1477,BHETAPARA
2817,3,80.6,1550,GANESHGURI
2818,3,61.2,1360,LAL GANESH
2819,3,61.36,1180,BELTOLA
2820,3,59.99,1350,KALA PAHAR
2821,3,75.0,1500,BHANGAGARH
2822,3,51.6,1200,GANESHGURI
2823,3,50.0,1100,KALA PAHAR
2824,2,50.0,1150,KAHILIPARA
2825,4,180.0,2681,BELTOLA
2826,3,58.0,1216,BORBARI
2827,3,67.0,1387,BORBARI
2828,3,55.0,1350,HATIGAON
2829,2,48.0,1250,BARBARI VILLAGE
2830,2,48.0,1150,KAHILIPARA
2831,3,62.1,1350,HATIGAON
2832,1,20.0,450,KAHILIPARA
2833,3,50.28,1125,GARCHUK
2834,3,55.76,1360,AHOM GAON
2835,3,48.0,1250,JYOTIKUCHI
2836,3,51.18,1147,GARCHUK
2837,3,49.17,1098,GARCHUK
2838,3,53.47,1203,GARCHUK
2839,3,54.4,1360,GARCHUK
2840,3,48.0,1200,LOKHRA
2841,2,32.6,930,GARCHUK
2842,3,90.0,1500,TARUN NAGAR
2843,3,70.0,1344,SIX MILE
2844,2,39.5,1000,KAHILIPARA
2845,3,31.0,1182,AZARA
2846,3,45.0,1260,AHOM GAON
2847,2,37.0,850,MALIGAON
2848,2,41.0,950,ADABARI
2849,3,75.0,1450,BELTOLA
2850,3,58.0,1245,SIX MILE
2851,3,54.0,1150,BELTOLA
2852,3,48.0,1850,BORMOTORIA
2853,2,36.0,1250,JALUKBARI
2854,7,250.0,5480,NOONMATI
2855,3,46.0,1350,LOKHRA
2856,3,95.0,1563,BHANGAGARH
2857,3,96.0,1650,GANESHGURI
2858,3,98.0,1700,GANESHGURI
2859,2,40.0,852,SIX MILE
2860,2,45.0,900,BORBARI
2861,3,62.0,1600,KHANAPARA
2862,2,48.0,1100,GEETANAGAR
2863,3,55.0,1300,LOKHRA
2864,3,67.0,1080,DISPUR
2865,2,40.0,1000,HATIGAON
2866,3,58.0,1200,BHANGAGARH
2867,3,54.28,1188,FATASIL AMBARI
2868,3,62.0,1300,SONAIGHULI
2869,3,65.0,1300,DISPUR
2870,2,46.0,900,SIX MILE
2871,3,57.0,1250,JALUKBARI
2872,3,46.0,1315,LOKHRA
2873,3,52.0,1300,LOKHRA
2874,2,44.0,900,SIX MILE
2875,3,80.0,1740,NARENGI TINALI
2876,3,56.63,1385,AHOM GAON
2877,3,52.08,1085,LAL GANESH
2878,2,44.0,902,HATIGAON
2879,3,62.0,1387,BASISHTA
2880,3,90.0,2250,RUKMINI GAON
2881,2,44.0,1050,SIX MILE
2882,3,105.0,1726,CHRISTIAN BASTI
2883,2,43.0,981,GARCHUK
2884,3,52.26,1270,AHOM GAON
2885,3,45.0,1250,MALIGAON
2886,2,44.0,902,HATIGAON
2887,3,65.0,1352,HATIGAON
2888,2,41.0,1078,LOKHRA
2889,2,47.0,1000,HATIGAON
2890,2,42.0,770,BELTOLA
2891,3,53.0,1360,AHOM GAON
2892,2,45.0,1600,HATIGAON
2893,2,45.0,1100,NARENGI TINALI
2894,2,41.0,1000,HATIGAON
2895,3,85.3,1741,SIX MILE
2896,2,46.55,1058,HATIGAON
2897,3,60.0,1200,KALA PAHAR
2898,3,51.18,1147,GARCHUK
2899,3,49.17,1098,GARCHUK
2900,3,53.47,1203,GARCHUK
2901,3,50.28,1125,GARCHUK
2902,3,47.0,1167,BORMOTORIA
2903,3,65.0,1600,DHARAPUR
2904,3,40.0,1200,HATIGAON
2905,2,57.5,1050,BIRUBARI
2906,2,45.0,1040,JALUKBARI
2907,2,43.5,990,LALMATI
2908,3,45.0,2200,BAMUNIMAIDAM
2909,2,45.0,1050,REHABARI
2910,3,65.0,1400,KAHILIPARA
2911,3,65.0,1700,BARBARI VILLAGE
2912,3,85.0,1400,ZOO TINIALI
2913,3,75.0,1468,TARUN NAGAR
2914,1,35.0,650,ZOO TINIALI
2915,2,40.0,1080,LAL GANESH
2916,3,114.99999999999999,1668,SILPHUKURI
2917,2,48.0,1056,SIX MILE
2918,3,81.6,1360,BORMOTORIA
2919,6,210.0,5184,KHANAPARA
2920,3,82.0,1483,SIX MILE
2921,2,45.0,1050,GARCHUK
2922,3,68.0,1283,ZOO TINIALI
2923,4,298.0,3970,DISPUR
2924,4,117.0,2345,LAL GANESH
2925,3,62.0,1200,GEETANAGAR
2926,3,147.0,1965,DISPUR
2927,3,91.8,1985,TARUN NAGAR
2928,3,55.9,1300,REHABARI
2929,2,80.6,1240,SARUSAJAI
2930,2,49.05,1001,REHABARI
2931,3,85.0,1522,BELTOLA
2932,3,57.5,1250,JALUKBARI
2933,3,57.5,1250,JALUKBARI
2934,3,54.28,1180,JALUKBARI
2935,3,81.28,1950,KAHILIPARA
2936,4,86.56,2200,UZAN BAZAR
2937,3,61.36,1321,BELTOLA
2938,3,74.0,1770,BORMOTORIA
2939,3,65.4,1690,BARBARI VILLAGE
2940,3,76.86,1695,SARANIA HILLS
2941,3,65.85,1400,JALUKBARI
2942,4,72.0,1810,BORJHAR
2943,4,81.0,1685,NOONMATI
2944,4,81.3,1840,LOKHRA
2945,3,71.35,1695,SARANIA HILLS
2946,4,104.0,2285,TARUN NAGAR
2947,3,55.3,1400,JALUKBARI
2948,3,38.53,948,BORJHAR
2949,3,51.43,778,DHARAPUR
2950,4,84.55,1948,BORJHAR
2951,3,61.53,1323,DHARAPUR
2952,3,62.28,1450,DHARAPUR
2953,3,39.0,1150,SIX MILE
2954,3,71.53,1560,HATIGAON
2955,4,78.66,1958,NARIKAL BARI
2956,4,91.53,2350,DHARAPUR
2957,4,74.56,1958,NARIKAL BARI
2958,1,24.75,450,JALUKBARI
2959,2,36.0,850,KALA PAHAR
2960,2,52.0,1000,ADABARI
2961,3,60.0,1150,CHANDMARI
2962,2,48.14,1003,REHABARI
2963,2,38.5,800,LALMATI
2964,2,66.02,1179,SREE NAGAR
2965,3,82.6,1475,SREE NAGAR
2966,3,65.38,1391,SIX MILE
2967,2,60.0,1000,CHENIKUTHI
2968,2,47.0,950,KALA PAHAR
2969,2,43.0,890,TETELIA
2970,3,52.0,1200,LAL GANESH
2971,1,18.0,374,TETELIA
2972,3,54.92,1144,TETELIA
2973,2,55.0,1000,NOONMATI
2974,2,48.0,1015,SARANIA HILLS
2975,2,46.06,940,KHANAPARA
2976,3,98.46,1641,LAL GANESH
2977,2,64.6,1292,BORMOTORIA
2978,3,75.0,1478,BAMUNIMAIDAM
2979,3,180.0,1500,PATOR KUCHI
2980,2,47.0,980,ULUBARI
2981,4,117.0,2345,LAL GANESH
2982,3,42.0,950,LAL GANESH
2983,3,100.0,1627,UZAN BAZAR
2984,3,63.36,1408,BORBARI
2985,5,170.0,4000,SARANIA HILLS
2986,3,65.0,1350,BORMOTORIA
2987,3,66.0,1300,ZOO TINIALI
2988,3,70.0,2880,JALUKBARI
2989,2,40.59,990,GARCHUK
2990,3,103.0,1775,SIX MILE
2991,1,24.0,500,KALA PAHAR
2992,3,45.0,900,KALA PAHAR
2993,3,11.11,1111,BELTOLA
2994,1,20.25,450,LAL GANESH
2995,2,42.3,940,LAL GANESH
2996,3,66.75,1375,BARSAPARA
2997,3,62.16,1000,KALA PAHAR
2998,2,39.99,850,KALA PAHAR
2999,2,59.7,995,BORBARI
3000,3,64.86,1380,BHETAPARA
3001,2,37.0,900,DHARAPUR
3002,3,6.0,1000,DISPUR
3003,3,59.85,1151,LACHIT NAGAR
3004,3,67.44,1297,LACHIT NAGAR
3005,3,74.1,1425,LACHIT NAGAR
3006,3,55.62,1236,BELTOLA
3007,3,65.0,1390,SIX MILE
3008,3,65.0,1450,BELTOLA
3009,3,111.00000000000001,2014,MACHKHOWA
3010,3,67.2,1200,CHRISTIAN BASTI
3011,4,60.0,1450,DHIRENPARA
3012,1,31.6,800,SIX MILE
3013,3,67.5,1350,LAL GANESH
3014,4,120.0,2300,KHANAPARA
3015,2,26.0,750,KALA PAHAR
3016,4,81.0,1800,KALA PAHAR
3017,2,45.0,1031,LOKHRA
3018,2,50.0,1100,SIX MILE
3019,3,43.0,1120,BARSAPARA
3020,2,37.0,885,DHARAPUR
3021,3,122.0,1754,ULUBARI
3022,3,45.0,1127,KHANAPARA
3023,3,75.0,1575,ZOO TINIALI
3024,1,300.0,7000,SIX MILE
3025,4,65.0,1800,KAHILIPARA
3026,3,70.0,1480,BELTOLA
3027,2,38.0,843,SARUSAJAI
3028,2,39.5,1250,AZARA
3029,2,50.0,1050,CHANDMARI
3030,3,55.0,1350,SIX MILE
3031,2,67.0,1250,GEETANAGAR
3032,3,70.0,1250,SIX MILE
3033,2,56.4,1200,CHANDMARI
3034,3,67.85,1297,LACHIT NAGAR
3035,3,96.52,1670,BELTOLA
3036,2,38.0,843,SARUSAJAI
3037,3,63.0,1450,CHANDMARI
3038,3,63.0,1360,KAHILIPARA
3039,3,67.0,1410,KAHILIPARA
3040,3,58.95,1310,LAL GANESH
3041,3,54.0,1200,LAL GANESH
3042,2,44.1,900,ADABARI
3043,3,64.13,1210,BORMOTORIA
3044,3,79.0,1580,LOKHRA
3045,3,78.1,1502,HATIGAON
3046,2,39.24,853,JALUKBARI
3047,3,77.5,1550,BORBARI
3048,2,42.57,990,SIX MILE
3049,3,58.5,1300,LAL GANESH
3050,3,77.91,1590,SIX MILE
3051,3,90.0,1500,DIGHOLI PUKHURI
3052,3,54.45,1210,LAL GANESH
3053,3,69.43,1310,BORMOTORIA
3054,3,60.95,1150,BORMOTORIA
3055,3,98.53,1670,BELTOLA
3056,3,97.35,1650,BELTOLA
3057,3,61.88,1375,SIX MILE
3058,2,55.0,1150,NARENGI TINALI
3059,4,45.0,1732,SATGAON
3060,1,30.0,730,DHARAPUR
3061,2,43.0,960,JALUKBARI
3062,2,25.0,1440,KAHILIPARA
3063,2,36.32,995,BIKASH NAGAR
3064,2,49.8,1200,DAKSHINGAON
3065,4,138.0,2300,GANESHGURI
3066,3,117.0,1563,KHANAPARA
3067,4,146.0,2350,BORMOTORIA
3068,1,23.4,450,LAL GANESH
3069,2,66.37,1475,KHANAPARA
3070,3,87.05,1741,SIX MILE
3071,3,122.0,1580,LOKHRA
3072,3,63.98,1391,SIX MILE
3073,4,126.0,2800,LAL GANESH
3074,2,46.96,999,RBI COLONY
3075,1,22.0,650,LALMATI
3076,3,80.0,2700,JAPORIGOG
3077,4,79.99,1876,BELTOLA
3078,4,80.0,1875,BELTOLA
3079,3,75.0,1550,GANESHGURI
3080,2,50.0,1057,JYOTIKUCHI
3081,2,35.0,953,DHARAPUR
3082,3,51.0,1200,BHETAPARA
3083,2,59.73,1117,BELTOLA
3084,2,43.72,965,GARCHUK
3085,3,45.75,1250,BIKASH NAGAR
3086,3,55.61,1264,BAMUNIMAIDAM
3087,3,57.2,1300,BAMUNIMAIDAM
3088,2,45.4,1056,LAL GANESH
3089,3,65.61,1458,SIX MILE
3090,2,39.1,850,BELTOLA
3091,3,64.0,1300,JALUKBARI
3092,3,65.0,1270,GANESHGURI
3093,4,105.0,2000,SIX MILE
3094,3,69.0,1243,UZAN BAZAR
3095,3,82.18,1476,CHENIKUTHI
3096,2,40.0,904,PATOR KUCHI
3097,3,60.0,1350,BAMUNIMAIDAM
3098,4,90.0,2250,BATAHGULI
3099,2,33.0,953,DHARAPUR
3100,3,67.0,1250,GANESHGURI
3101,2,35.0,900,RUKMINI GAON
3102,2,53.0,1050,LAL GANESH
3103,4,180.0,2014,BELTOLA
3104,2,50.0,900,NARENGI TINALI
3105,5,240.0,4320,GHORAMARA
3106,3,61.0,1190,KAHILIPARA
3107,3,58.26,1369,GARCHUK
3108,3,113.99999999999999,2540,GEETANAGAR
3109,2,47.5,910,ADABARI
3110,2,43.72,880,BELTOLA
3111,3,65.15,1243,HATIGAON
3112,2,40.0,800,BARSAPARA
3113,3,77.0,1526,SIX MILE
3114,3,57.0,1108,LOKHRA
3115,3,56.0,1050,KAHILIPARA
3116,3,59.0,1200,FATASIL AMBARI
3117,3,57.0,1250,HATIGAON
3118,3,48.0,1150,KAHILIPARA
3119,3,74.0,1453,SIX MILE
3120,3,55.0,1220,GANESHGURI
3121,2,37.5,850,BELTOLA
3122,2,48.0,1040,SIX MILE
3123,2,42.0,1075,DHARAPUR
3124,2,42.0,1075,AZARA
3125,2,44.0,900,JALUKBARI
3126,2,45.0,1100,TETELIA
3127,3,78.8,1751,LAL GANESH
3128,2,35.0,1000,KALA PAHAR
3129,3,49.0,1200,KALA PAHAR
3130,2,48.0,1015,ULUBARI
3131,2,35.0,1000,HATIGAON
3132,2,38.0,1000,LALMATI
3133,2,38.55,1000,CHANDMARI
3134,2,43.0,1060,ULUBARI
3135,3,61.83,1389,BHETAPARA
3136,3,120.0,2063,JAPORIGOG
3137,4,120.0,2239,SREE NAGAR
3138,3,82.0,1445,CHRISTIAN BASTI
3139,3,101.0,1906,SARUSAJAI
3140,3,79.71,1504,SARUSAJAI
3141,4,143.0,2700,SARUSAJAI
3142,3,55.0,1350,HATIGAON
3143,3,80.0,1410,LAL GANESH
3144,1,33.0,750,CHRISTIAN BASTI
3145,5,120.0,3250,AZARA
3146,2,46.0,1121,KAHILIPARA
3147,3,142.0,1989,DISPUR
3148,3,55.0,1350,HATIGAON
3149,3,79.0,1494,TARUN NAGAR
3150,2,53.0,1080,LOKHRA
3151,4,90.0,2200,SIX MILE
3152,1,17.0,500,JALUKBARI
3153,3,51.0,1200,JALUKBARI
3154,2,41.0,1000,JALUKBARI
3155,3,44.8,1100,DHARAPUR
3156,2,35.87,903,DHARAPUR
3157,2,40.0,831,MALIGAON
3158,3,53.0,1256,JALUKBARI
3159,3,56.0,1341,GARCHUK
3160,3,85.4,1596,DISPUR
3161,2,45.0,1003,JALUKBARI
3162,3,49.0,1170,LALMATI
3163,3,56.0,1317,JALUKBARI
3164,3,80.0,1530,BIRUBARI
3165,3,61.5,1116,BIRUBARI
3166,3,64.6,1435,HATIGAON
3167,2,46.0,1000,SILPHUKURI
3168,3,52.62,1203,JALUKBARI
3169,3,57.0,1325,JALUKBARI
3170,2,52.0,1124,SIX MILE
3171,2,56.0,1230,SIX MILE
3172,3,50.0,1250,LAL GANESH
3173,3,47.5,1252,LOKHRA
3174,3,85.0,1400,REHABARI
3175,3,62.0,1380,BARSAPARA
3176,3,36.0,850,JYOTIKUCHI
3177,3,46.0,1070,LAL GANESH
3178,4,108.0,2000,SIX MILE
3179,3,50.8,1240,BAGHARBARI
3180,3,62.0,1380,RUKMINI GAON
3181,3,65.0,1270,GANESHGURI
3182,2,62.0,1250,SIX MILE
3183,2,63.0,1023,BELTOLA
3184,2,33.0,850,ULUBARI
3185,2,30.0,850,LACHIT NAGAR
3186,5,875.0,7800,PALTAN BAZAAR
3187,2,55.0,1100,LAL GANESH
3188,3,50.0,1300,BHETAPARA
3189,3,55.0,1150,DISPUR
3190,3,87.5,4000,JYOTIKUCHI
3191,2,55.0,1200,BELTOLA
3192,3,67.5,1200,LAL GANESH
3193,2,60.0,950,GANESHGURI
3194,3,132.0,1580,LOKHRA
3195,3,52.0,1200,MANIK NAGAR
3196,2,60.0,950,CHRISTIAN BASTI
3197,3,76.0,1250,DISPUR
3198,2,48.87,904,CHANDMARI
3199,3,50.0,1250,BATAHGULI
3200,3,70.0,1224,BHANGAGARH
3201,3,110.00000000000001,1800,BHANGAGARH
3202,3,74.35,1476,LAL GANESH
3203,3,56.75,1267,LAL GANESH
3204,2,49.53,959,LAL GANESH
3205,2,39.99,950,LAL GANESH
3206,1,16.65,450,BARSAPARA
3207,3,53.0,1350,HATIGAON
3208,2,39.52,1040,BARSAPARA
3209,2,48.9,1060,BELTOLA
3210,3,45.0,1200,LALMATI
3211,3,50.0,1200,LALMATI
3212,2,44.0,908,SIX MILE
3213,2,40.0,950,KALA PAHAR
3214,5,125.0,2500,KAHILIPARA
3215,2,47.0,980,ULUBARI
3216,2,38.0,1000,SATGAON
3217,3,45.6,1100,SATGAON
3218,3,55.0,1200,PATOR KUCHI
3219,4,105.0,2000,SIX MILE
3220,3,97.0,1700,RBI COLONY
3221,2,27.4,690,PATHAR QUARRY
3222,3,45.0,1000,JAPORIGOG
3223,3,45.0,1285,BAGHARBARI
3224,3,76.0,1485,ZOO TINIALI
3225,1,36.5,1000,LALMATI
3226,2,43.83,950,GARCHUK
3227,3,60.62,1321,GARCHUK
3228,2,46.0,1103,SIX MILE
3229,2,48.0,950,BELTOLA
3230,4,77.0,1500,SIX MILE
3231,3,76.0,1365,ZOO TINIALI
3232,3,76.0,1365,ZOO TINIALI
3233,3,70.0,1650,ZOO TINIALI
3234,2,73.0,1200,BELTOLA
3235,3,50.0,1350,PATHAR QUARRY
3236,3,75.0,1220,RUKMINI GAON
3237,2,43.57,882,KALA PAHAR
3238,1,21.0,455,LAL GANESH
3239,3,48.43,1040,JALUKBARI
3240,3,51.62,1203,JALUKBARI
3241,1,21.0,455,LAL GANESH
3242,2,32.5,930,JALUKBARI
3243,3,43.0,1220,GARCHUK
3244,3,43.0,1230,GARCHUK
3245,5,235.0,1600,SARUMOTORIA
3246,3,68.0,1370,DISPUR
3247,3,65.0,1300,GANESHGURI
3248,2,37.0,900,KAHILIPARA
3249,3,65.0,1288,SARANIA HILLS
3250,4,57.0,1700,BELTOLA
3251,3,52.0,1330,LOKHRA
3252,2,50.0,1175,NARENGI TINALI
3253,3,66.0,1350,JALUKBARI
3254,2,37.5,1000,DAKSHINGAON
3255,3,49.28,1408,KHANAPARA
3256,3,50.0,1375,BAMUNIMAIDAM
3257,4,93.22,1715,BELTOLA
3258,3,75.0,1500,HATIGAON
3259,2,37.0,872,KAHILIPARA
3260,2,36.0,960,LAL GANESH
3261,3,64.6,1284,GEETANAGAR
3262,3,75.0,1400,SIX MILE
3263,3,99.0,1990,DISPUR
3264,1,40.56,962,AHOM GAON
3265,2,50.02,1211,AHOM GAON
3266,2,37.0,950,AHOM GAON
3267,4,99.72,2519,AHOM GAON
3268,3,86.61,2174,AHOM GAON
3269,2,42.5,860,LAL GANESH
3270,2,46.67,1123,AHOM GAON
3271,4,160.0,2400,AMBARI
3272,3,64.0,1030,GANESHGURI
3273,2,31.0,750,LAL GANESH
3274,4,70.0,1405,KAHILIPARA
3275,5,96.0,2275,KAHILIPARA
3276,3,64.0,1395,BASISHTA
3277,2,43.29,902,LAL GANESH
3278,3,65.0,1325,HATIGAON
3279,3,77.0,1303,ZOO TINIALI
3280,2,39.0,813,LAL GANESH
3281,2,38.35,799,LAL GANESH
3282,1,41.5,982,GARCHUK
3283,2,50.0,1211,AHOM GAON
3284,3,79.0,1494,TARUN NAGAR
3285,3,75.0,1220,RUKMINI GAON
3286,3,58.0,1200,BHANGAGARH
3287,3,65.1,1350,DISPUR
3288,3,78.0,1537,KHANAPARA
3289,2,55.0,1280,BARBARI VILLAGE
3290,2,44.0,904,CHANDMARI
3291,4,88.26,1810,DISPUR
3292,3,62.0,1368,KHANAPARA
3293,3,66.0,1200,LACHIT NAGAR
3294,2,32.0,1200,ANANDA NAGAR
3295,1,320.0,7000,TARUN NAGAR
3296,1,800.0,5500,ANANDA NAGAR
3297,1,800.0,5000,ANANDA NAGAR
3298,2,59.33,957,UZAN BAZAR
3299,1,24.0,554,AHOM GAON
3300,3,77.0,1303,ZOO TINIALI
3301,2,37.0,880,PATOR KUCHI
3302,2,44.0,902,HATIGAON
3303,3,65.0,1325,HATIGAON
3304,3,79.0,1494,TARUN NAGAR
3305,2,40.0,1000,BELTOLA
3306,3,75.0,1220,RUKMINI GAON
3307,2,56.0,1250,LOKHRA
3308,2,56.0,1250,LOKHRA
3309,3,77.0,1303,ZOO TINIALI
3310,2,37.0,880,PATOR KUCHI
3311,3,79.0,1494,TARUN NAGAR
3312,4,88.26,1810,DISPUR
3313,2,48.0,1000,SIX MILE
3314,3,99.0,3000,NORTH GUWAHATI
3315,3,35.0,1700,BHASKAR NAGAR
3316,2,60.0,1200,CHANDMARI
3317,3,75.0,1300,GEETANAGAR
3318,2,48.0,1029,LOKHRA
3319,3,65.0,1300,CHANDMARI
3320,3,72.0,1300,CHANDMARI
3321,3,77.0,1303,ZOO TINIALI
3322,2,37.0,900,DHARAPUR
3323,4,162.0,3583,NOONMATI
3324,2,55.0,1100,BORMOTORIA
3325,2,47.0,1100,JALUKBARI
3326,2,56.0,2000,DISPUR
3327,3,250.0,2880,BELTOLA
3328,2,48.59,1013,CHANDMARI
3329,3,58.0,1200,BHANGAGARH
3330,3,75.0,1540,BHETAPARA
3331,3,70.0,1300,LACHIT NAGAR
3332,3,70.0,1400,CHRISTIAN BASTI
3333,3,58.0,1300,CHANDMARI
3334,2,33.0,850,AZARA
3335,4,151.0,2970,BELTOLA
3336,2,58.0,1134,MATHGHARIA
3337,4,146.0,2350,SIX MILE
3338,2,51.0,1240,KHANAPARA
3339,2,48.0,1150,KHANAPARA
3340,2,56.0,900,BAMUNIMAIDAM
3341,2,45.0,990,LALMATI
3342,3,140.0,2010,CHANDMARI
3343,2,58.0,1000,MALIGAON
3344,2,47.0,970,ZOO TINIALI
3345,2,52.0,1247,KHANAPARA
3346,3,62.0,1500,KHANAPARA
3347,2,32.0,800,HATIGAON
3348,3,48.0,1200,MALIGAON
3349,3,110.00000000000001,1800,BORBARI
3350,3,78.0,1800,BHETAPARA
3351,1,32.0,1000,KAHILIPARA
3352,1,32.0,700,SIX MILE
3353,2,46.0,920,ZOO TINIALI
3354,9,250.0,5400,NARENGI TINALI
3355,2,47.0,1030,DISPUR
3356,2,30.0,690,SATGAON
3357,2,31.0,840,DHIRENPARA
3358,2,55.0,1400,ULUBARI
3359,1,27.0,600,LAL GANESH
3360,2,50.0,1200,HENGRABARI
3361,3,55.0,1200,BAMUNIMAIDAM
3362,4,130.0,1750,SIX MILE
3363,3,61.0,1600,BORMOTORIA
3364,3,65.0,1500,RUKMINI GAON
3365,3,60.0,1250,HENGRABARI
3366,3,55.0,1400,GEETANAGAR
3367,2,55.0,1200,HENGRABARI
3368,2,47.0,950,CHRISTIAN BASTI
3369,3,45.0,1375,CHANDMARI
3370,4,70.0,1982,JALUKBARI
3371,3,65.0,1290,HENGRABARI
3372,2,43.0,950,DHARAPUR
3373,4,83.0,1900,BASISHTA
3374,3,50.0,1200,BHETAPARA
3375,3,46.0,1170,BAGHARBARI
3376,3,67.0,1218,PALTAN BAZAAR
3377,2,45.0,1050,DISPUR
3378,3,117.0,1563,KHANAPARA
3379,2,45.0,1000,BAGHARBARI
3380,3,70.0,2300,CHANDMARI
3381,3,95.0,1450,CHANDMARI
3382,3,108.0,1666,MACHKHOWA
3383,2,32.0,1000,KAHILIPARA
3384,2,36.0,1085,NARENGI TINALI
3385,4,138.0,2300,ZOO TINIALI
3386,2,52.0,1056,MALIGAON
3387,3,115.99999999999999,2100,KAHILIPARA
3388,3,73.0,1250,ULUBARI
3389,3,52.5,1250,LAL GANESH
3390,3,80.6,1550,ZOO TINIALI
3391,2,30.0,750,LALMATI
3392,3,55.61,1264,BAMUNIMAIDAM
3393,3,57.2,1300,BAMUNIMAIDAM
3394,3,53.16,1320,DAKSHINGAON
3395,5,90.0,2200,DISPUR
3396,3,45.75,1250,BIKASH NAGAR
3397,2,36.32,995,GHORAMARA
3398,3,75.0,1481,LALMATI
3399,2,48.57,1056,KHANAPARA
3400,3,83.6,1520,BIRUBARI
3401,3,70.0,1669,SARUSAJAI
3402,3,68.67,1635,SARUSAJAI
3403,2,56.0,1274,DHIRENPARA
3404,3,64.4,1370,BHETAPARA
3405,3,36.0,850,JYOTIKUCHI
3406,2,43.72,965,GARCHUK
3407,3,65.0,1375,LALMATI
3408,2,43.0,860,DISPUR
3409,3,60.2,1400,BORMOTORIA
3410,3,58.1,1450,GANESHGURI
